,Unnamed: 0,location
0,0,barra e juan
1,1,napaleofÃº
2,2,otero ramos
3,3,agustÃ­n san
4,4,brava laguna
5,5,arroyo verde
6,6,vÃ¡squez
7,7,criolla
8,8,baradero
9,9,benito juÃ¡rez
10,10,irineo portela
11,11,aguas blancas
12,12,alberti
13,13,coronel seguÃ­
14,14,coloma santa
15,15,alsina
16,16,arrecifes
17,17,todd
18,18,viÃ±a
19,19,barker
20,20,lÃ³pez
21,21,tedÃ­n uriburu
22,22,mechita
23,23,pla
24,24,grisolÃ­a
25,25,marÃ­a
26,26,ortiz
27,27,almirante brown
28,28,avellaneda
29,29,ayacucho
30,30,constancia
31,31,solanet
32,32,udaquiola
33,33,ariel
34,34,azul
35,35,cacharÃ­
36,36,chillar
37,37,16 de julio
38,38,bahÃ­a blanca
39,39,cabildo
40,40,cerri daniel
41,41,balcarce
42,42,pinos
43,43,cacique
44,44,berazategui
45,45,berisso
46,46,hale
47,47,f ibarra juan
48,48,paula
49,49,pirovano
50,50,bolÃ­var carlos de san
51,51,urdampilleta
52,52,lynch pueyr Ã³n
53,53,asamblea
54,54,bragado
55,55,comodoro py
56,56,o'brien
57,57,irala
58,58,limpia
59,59,f juan salaberry
60,60,aires autÃ³noma buenos ciudad de
61,61,carhuÃ©
62,62,arcÃ¡ngel colonia miguel san
63,63,delfÃ­n huergo
64,64,espartillar
65,65,agustÃ­n esteban gascÃ³n
66,66,pala
67,67,maza
68,68,rivera
69,69,margarita
70,70,yutuyaco
71,71,adolfo chaves gonzales
72,72,de garma
73,73,mechita
74,74,olascoaga
75,75,warnes
76,76,altamirano
77,77,mirador
78,78,golondrinas
79,79,bosquecitos
80,80,acacias
81,81,de roca
82,82,brandsen coronel
83,83,de malvinas
84,84,gÃ³mez
85,85,jeppener
86,86,oliden
87,87,delagos posada
88,88,samborombÃ³n
89,89,cardales
90,90,( pioneros tavella)
91,91,campana
92,92,chacras del lujÃ¡n rÃ­o
93,93,lujÃ¡n rÃ­o
94,94,alejandro petiÃ³n
95,95,taladro
96,96,caÃ±uelas
97,97,gobernador udaondo
98,98,mÃ¡ximo paz
99,99,rosa santa
100,100,uribelarrea
101,101,res vicente
102,102,capitÃ¡n sarmiento
103,103,luisa
104,104,bellocq
105,105,cadret
106,106,carlos res
107,107,colonia mauricio
108,108,hortensia
109,109,sofÃ­a
110,110,hirsch mauricio
111,111,moctezuma
112,112,ordoqui
113,113,santo tomÃ¡s
114,114,smith
115,115,carlos tejedor
116,116,colonia serÃ©
117,117,curarÃº
118,118,timote
119,119,algarrobos tres
120,120,areco carmen de
121,121,gouin pueblo
122,122,sargentos tres
123,123,castelli
124,124,guerrero
125,125,cerro degloria
126,126,colÃ³n
127,127,manuel pomar
128,128,pearson
129,129,sarasa
130,130,bajo hondo
131,131,balneario co pehuen
132,132,chico pago
133,133,alta punta
134,134,arias
135,135,aparicio
136,136,marisol
137,137,coronel dorrego
138,138,perdido
139,139,faro
140,140,irene
141,141,oriente
142,142,paraje ruta
143,143,romÃ¡n san
144,144,coronel pringles
145,145,divisorio
146,146,pensamiento
147,147,indio rico
148,148,lartigau
149,149,cascada
150,150,coronel suÃ¡rez
151,151,curamalal
152,152,d'orbigny
153,153,huanguelÃ©n
154,154,pasman
155,155,josÃ© san
156,156,marÃ­a santa
157,157,santa trinidad
158,158,arcadia
159,159,castilla
160,160,chacabuco
161,161,angeles
162,162,o'higgins
163,163,rawson
164,164,altas lomas
165,165,chascomÃºs
166,166,laguna vitel
167,167,cobo j manuel
168,168,girado
169,169,benitez
170,170,chivilcoy
171,171,ayarza emilio
172,172,gorostiaga
173,173,rica
174,174,moquehuÃ¡
175,175,biaus ramÃ³n
176,176,san sebastiÃ¡n
177,177,andant
178,178,arboledas
179,179,daireaux
180,180,larga
181,181,salazar
182,182,dolores
183,183,sevigne
184,184,ensenada
185,185,escobar
186,186,echeverrÃ­a esteban
187,187,arroyo decruz
188,188,capilla del seÃ±or
189,189,diego gaynor
190,190,cardales
191,191,orlando parada
192,192,parada robles
193,193,pavÃ³n
194,194,ezeiza
195,195,florencio varela
196,196,blaquier
197,197,ameghino florentino
198,198,porvenir
199,199,centinela del mar
200,200,comandante nicanor otamendi
201,201,del mar sur
202,202,mechonguÃ©
203,203,miramar
204,204,alvear
205,205,arribeÃ±os
206,206,ascensiÃ³n
207,207,arenales estaciÃ³n
208,208,ferrÃ©
209,209,arenales
210,210,angelita
211,211,trinidad
212,212,belgrano
213,213,gorchs
214,214,guido
215,215,labardÃ©n
216,216,juan madariaga
217,217,madrid
218,218,colina
219,219,martinetas
220,220,lÃ­bano
221,221,pontaut
222,222,hornos
223,223,heras
224,224,choza
225,225,plomer
226,226,villars
227,227,lavalle
228,228,pavÃ³n
229,229,rÃ­o salado
230,230,loma verde
231,231,ranchos
232,232,villa
233,233,colonia ricardo san
234,234,pinto
235,235,germania
236,236,gunther
237,237,francia
238,238,roth
239,239,boquerÃ³n
240,240,gloria
241,241,paula santa
242,242,batÃ¡n
243,243,chapadmalal
244,244,marquesado
245,245,chapadmalal estaciÃ³n
246,246,del mar plata
247,247,depadres sierra
248,248,rodrÃ­guez
249,249,martÃ­n san
250,250,baigorrita
251,251,delfina
252,252,toldos
253,253,emilio san
254,254,zavalÃ­a
255,255,banderalÃ³
256,256,caÃ±ada seca
257,257,charlone coronel
258,258,bunge emilio v
259,259,villegas
260,260,massey
261,261,pichincha
262,262,piedritas
263,263,eleodora santa
264,264,regina santa
265,265,saboya
266,266,sauze
267,267,arroyo venado
268,268,casbas
269,269,garrÃ©
270,270,guaminÃ­
271,271,alsina laguna
272,272,henderson
273,273,herrera vegas
274,274,hurlingham
275,275,ituzaingÃ³
276,276,c josÃ© paz
277,277,agustÃ­n roca
278,278,agustina
279,279,balneario de gÃ³mez laguna
280,280,fortÃ­n tiburcio
281,281,junÃ­n
282,282,agraria paraje
283,283,laplacette
284,284,morse
285,285,saforcada
286,286,toninas
287,287,ajÃ³ de mar
288,288,bernardo san
289,289,clemente del san tuyÃº
290,290,santa teresita
291,291,del mar tuyÃº
292,292,matanza
293,293,lanÃºs
294,294,rodeo
295,295,correas ignacio
296,296,plata
297,297,copello de lomas
298,298,ruta sol
299,299,laprida
300,300,nuevo pueblo
301,301,jorge pueblo san
302,302,boerr coronel
303,303,trigo
304,304,flores
305,305,pardo
306,306,alberdi viejo
307,307,dorado
308,308,acha fortÃ­n
309,309,alberdi bautista juan
310,310,alem leandro n
311,311,vedia
312,312,arenaza
313,313,bayauca
314,314,bermÃºdez
315,315,carlos salas
316,316,coronel de hoz martÃ­nez
317,317,triunfo
318,318,toscas
319,319,lincoln
320,320,pasteur
321,321,roberts
322,322,triunvirato
323,323,arenas verdes
324,324,licenciado matienzo
325,325,loberÃ­a
326,326,pieres
327,327,manuel san
328,328,tamangueyÃº
329,329,antonio carboni
330,330,elvira
331,331,de laguna lobos
332,332,lobos
333,333,marÃ­a salvador
334,334,de lomas zamora
335,335,carlos keen
336,336,de puentes
337,337,lujÃ¡n
338,338,olivera
339,339,torres
340,340,atalaya
341,341,mansilla
342,342,naranjos
343,343,magdalena
344,344,j payrÃ³ roberto
345,345,vieytes
346,346,armas
347,347,maipÃº
348,348,domingo santo
349,349,malvinas s
350,350,coronel vidal
351,351,pirÃ¡n
352,352,armonÃ­a
353,353,chiquita mar
354,354,cobo de mar
355,355,clara del mar santa
356,356,vivoratÃ¡
357,357,rosa santa
358,358,marcos paz
359,359,goldney
360,360,gowland
361,361,mercedes
362,362,born jorge
363,363,merlo
364,364,abbott
365,365,del miguel monte san
366,366,dorna videla zenÃ³n
367,367,balneario grande sauce
368,368,hermoso monte
369,369,moreno
370,370,morÃ³n
371,371,almeyra josÃ© juan
372,372,marianas
373,373,navarro
374,374,moll
375,375,claraz
376,376,energÃ­a
377,377,fernÃ¡ndez juan n
378,378,necochea
379,379,quequÃ©n
380,380,nicanor olivera
381,381,ramÃ³n santamarina
382,382,alf demarchi o
383,383,carlos marÃ­a naÃ³n
384,384,12 de octubre
385,385,dudignac
386,386,aurora
387,387,b gonnet manuel
388,388,marcelino ugarte
389,389,morea
390,390,norumbega
391,391,9 de julio
392,392,patricios
393,393,fournier
394,394,blancagrande
395,395,colonia nievas
396,396,colonia miguel san
397,397,espigas
398,398,hinojo
399,399,olavarrÃ­a
400,400,recalde
401,401,luisa santa
402,402,chica sierra
403,403,bayas sierras
404,404,alf fortabat o
405,405,serranÃ­a
406,406,bahÃ­a blas san
407,407,cagliero cardenal
408,408,carmen de patagones
409,409,b josÃ©
410,410,a juan pradere
411,411,stroeder
412,412,villalonga
413,413,capitÃ¡n castro
414,414,esteban san
415,415,francisco madero
416,416,inocencio sosa
417,417,josÃ© juan paso
418,418,magdala
419,419,cazÃ³n mones
420,420,plata
421,421,pehuajÃ³
422,422,bernardo san
423,423,bocayuva
424,424,bary de
425,425,pellegrini
426,426,acevedo
427,427,fontezuela
428,428,guerrico
429,429,a depeÃ±a juan
430,430,anchorena juan
431,431,violeta
432,432,manuel o
433,433,benÃ­tez mariano
434,434,alfonzo h mariano
435,435,pergamino
436,436,pinzÃ³n
437,437,rancagua
438,438,angÃ©lica
439,439,josÃ© san
440,440,lins
441,441,pila
442,442,pilar
443,443,pinamar
444,444,perÃ³n presidente
445,445,azopardo
446,446,bordenave
447,447,darregueira
448,448,17 agosto de
449,449,estela
450,450,felipe solÃ¡
451,451,lecube lÃ³pez
452,452,puÃ¡n
453,453,germÃ¡n san
454,454,castelar
455,455,iris
456,456,pipinas
457,457,indio punta
458,458,alvarez jonte
459,459,verÃ³nica
460,460,quilmes
461,461,paraÃ­so
462,462,bahamas
463,463,millÃ¡n pÃ©rez
464,464,ramallo
465,465,savio
466,466,ramallo
467,467,rauch
468,468,amÃ©rica
469,469,fortÃ­n olavarrÃ­a
470,470,gonzÃ¡lez moreno
471,471,mira
472,472,roosevelt
473,473,mauricio san
474,474,sansinena
475,475,sundblad
476,476,beba
477,477,carabelas
478,478,indios
479,479,do ob rafael
480,480,cano roberto
481,481,rojas
482,482,de mayo sol
483,483,manuel pomar
484,484,beguerie carlos
485,485,pÃ©rez roque
486,486,arroyo corto
487,487,colonia martÃ­n san
488,488,dufaur
489,489,espartillar
490,490,goyena
491,491,encadenadas
492,492,pigÃ¼Ã©
493,493,saavedra
494,494,de toledo Ã¡lvarez
495,495,cazÃ³n
496,496,carril del
497,497,as polva
498,498,saladillo
499,499,arroyo dulce
500,500,berdier
501,501,gahan
502,502,indart inÃ©s
503,503,invencible
504,504,salto
505,505,quenumÃ¡
506,506,salliquelÃ³
507,507,azcuÃ©naga
508,508,cucullÃº
509,509,franklin
510,510,andrÃ©s de giles san
511,511,solÃ­s
512,512,espil
513,513,ruiz
514,514,duggan
515,515,antonio areco de san
516,516,lÃ­a
517,517,balneario cayetano san
518,518,ochandÃ­o
519,519,cayetano san
520,520,fernando san
521,521,isidro san
522,522,miguel san
523,523,conesa
524,524,erezcano
525,525,rojo
526,526,emilia
527,527,dearroyos nicolÃ¡s san
528,528,esperanza
529,529,castro gobernador
530,530,ingeniero moneta
531,531,do ob
532,532,doyle pueblo
533,533,rÃ­o tala
534,534,pedro san
535,535,lucÃ­a santa
536,536,san vicente
537,537,rivas
538,538,suipacha
539,539,decanal
540,540,gardey
541,541,ignacia marÃ­a
542,542,tandil
543,543,crotto
544,544,tapalquÃ©
545,545,velloso
546,546,tigre
547,547,conesa
548,548,chasicÃ³
549,549,saldungaray
550,550,deventana sierra
551,551,tornquist
552,552,picos tres
553,553,gruta
554,554,ventana
555,555,berutti
556,556,girodias
557,557,carreta
558,558,30 agosto de
559,559,lauquen trenque
560,560,trongÃ©
561,561,balneario orense
562,562,claromecÃ³
563,563,copetonas
564,564,calel lin
565,565,cascallares micaela
566,566,orense
567,567,reta
568,568,bellocq de francisco san
569,569,mayol san
570,570,arroyos tres
571,571,rodrÃ­guez
572,572,de febrero tres
573,573,ingeniero thompson
574,574,lomas tres
575,575,agustÃ­n mosconi
576,576,del valle
577,577,ernestina
578,578,gobernador ugarte
579,579,lucas monteverde
580,580,deriestra norberto
581,581,pedernales
582,582,enrique san
583,583,valdÃ©s
584,584,25 de mayo
585,585,lÃ³pez vicente
586,586,azul mar
587,587,gesell
588,588,argerich
589,589,adolfo colonia san
590,590,medanos
591,591,ascasubi hilario
592,592,coustÃ© juan
593,593,buratovich mayor
594,594,mÃ©danos
595,595,luro pedro
596,596,origone teniente
597,597,casco
598,598,escalada
599,599,zÃ¡rate
600,600,chuchucaruana
601,601,colpes
602,602,bolsÃ³n
603,603,rodeo
604,604,huaycama
605,605,puerta
606,606,chacritas
607,607,juntas
608,608,castillos
609,609,talas
610,610,varela
611,611,singuil
612,612,ancasti
613,613,anquincila
614,614,candelaria
615,615,majada
616,616,amanao
617,617,andalgalÃ¡
618,618,chaquiago
619,619,choya
620,620,alamito
621,621,lindero
622,622,potrero
623,623,aguada
624,624,antofagasta desierra
625,625,antofalla
626,626,peÃ±Ã³n
627,627,nacimientos
628,628,barranca larga
629,629,belÃ©n
630,630,cÃ³ndor huasi
631,631,corral quemado
632,632,durazno
633,633,lima
634,634,farallÃ³n negro
635,635,hualfÃ­n
636,636,jacipunco
637,637,puntilla
638,638,juntas
639,639,londres
640,640,nacimientos
641,641,corral de puerta quemado
642,642,de josÃ© puerta san
643,643,vil
644,644,adolfo carranza e
645,645,balde depunta
646,646,capayÃ¡n
647,647,chumbicha
648,648,colonia del valle
649,649,colonia coneta
650,650,concepciÃ³n
651,651,coneta
652,652,baÃ±ado
653,653,huillapima
654,654,angeles
655,655,miraflores
656,656,martÃ­n san
657,657,pablo san
658,658,pedro san
659,659,pantanillo
660,660,catamarca de del fernando san valle
661,661,alto
662,662,guayamba
663,663,infanzÃ³n
664,664,corrales
665,665,tapso
666,666,vilismÃ¡n
667,667,collagasta
668,668,este pomancillo
669,669,oeste pomancillo
670,670,josÃ© san
671,671,pirquitas
672,672,de piedra
673,673,aybal
674,674,baÃ±ado
675,675,divisadero
676,676,quimilo
677,677,esquiÃº
678,678,icaÃ±o
679,679,dorada
680,680,guardia
681,681,esquinas
682,682,palmitas
683,683,quirÃ³s
684,684,ramblones
685,685,recreo
686,686,antonio san
687,687,amadores
688,688,rosario
689,689,bajada
690,690,higuera
691,691,merced
692,692,viÃ±a
693,693,lajas
694,694,monte potrero
695,695,labrado palo
696,696,antonio san
697,697,balcozna de
698,698,apoyaco
699,699,colana
700,700,colpes
701,701,pajonal
702,702,joyango
703,703,mutquin
704,704,pomÃ¡n
705,705,rincÃ³n
706,706,miguel san
707,707,saujil
708,708,sijÃ¡n
709,709,andalhualÃ¡
710,710,caspichango
711,711,chaÃ±ar punco
712,712,cajÃ³n
713,713,desmonte
714,714,puesto
715,715,famatanca
716,716,fuerte quemado
717,717,hoyada
718,718,loma
719,719,mojarras
720,720,huasi loro
721,721,balasto de punta
722,722,josÃ© san
723,723,marÃ­a santa
724,724,yapes
725,725,alijilÃ¡n
726,726,baÃ±ado de ovanta
727,727,caÃ±as
728,728,lavalle
729,729,altos
730,730,manantiales
731,731,pedro san
732,732,anillaco
733,733,antinaco
734,734,banda de lucero
735,735,cerro negro
736,736,copacabana
737,737,cordobita
738,738,costa de reyes
739,739,pueblito
740,740,puesto
741,741,salado
742,742,fiambalÃ¡
743,743,balverdis
744,744,medanitos
745,745,blanco palo
746,746,agua del punta
747,747,saujil
748,748,tatÃ³n
749,749,tinogasta
750,750,portezuelo
751,751,huaycama
752,752,tejas
753,753,isidro san
754,754,cruz santa
755,755,amboy
756,756,antonio arroyo san
757,757,caÃ±ada del sauce
758,758,capilla vieja
759,759,corcovado
760,760,torreÃ³n
761,761,durazno
762,762,embalse
763,763,cruz
764,764,cumbrecita
765,765,bajadas
766,766,caleras
767,767,cÃ³ndores
768,768,molinos
769,769,reartes
770,770,lutti
771,771,calmayo
772,772,desauces rÃ­o
773,773,agustÃ­n san
774,774,(loteo ignacio javier) san san
775,775,calamuchita de rosa santa
776,776,segunda usina
777,777,de solar
778,778,alpina
779,779,amancay
780,780,berna
781,781,(1a ciudad reartes secciÃ³n)
782,782,del dique
783,783,tala
784,784,belgrano
785,785,rivera
786,786,quillinzo
787,787,rumipal
788,788,yacanto
789,789,cÃ³rdoba
790,790,agua de oro
791,791,ascochinga
792,792,ceballos nuevo rÃ­o
793,793,sauce
794,794,bamba
795,795,caroya colonia
796,796,colonia tirolesa
797,797,agÃ¼ero colonia vicente
798,798,corazÃ³n de marÃ­a
799,799,corral quemado
800,800,isidro san
801,801,chacras devilla
802,802,manzano
803,803,colonia estaciÃ³n tirolesa
804,804,paz
805,805,jesÃºs marÃ­a
806,806,calera
807,807,granja
808,808,morada
809,809,puerta
810,810,corzuelas
811,811,molles
812,812,malvinas s
813,813,mendiolaza
814,814,granja mi
815,815,blancas pajas
816,816,ceballos rÃ­o
817,817,saldÃ¡n
818,818,salsipuedes
819,819,elena santa
820,820,tinoco
821,821,unquillo
822,822,allende
823,823,azul cerro
824,824,norte
825,825,ciudad deniÃ±os
826,826,llanos
827,827,celman juÃ¡rez
828,828,alto dequebrachos
829,829,baÃ±ado de soto
830,830,quilpo
831,831,caÃ±a cruz de
832,832,cruz del eje
833,833,brete
834,834,rincÃ³n
835,835,guanaco muerto
836,836,banda
837,837,batea
838,838,higuera
839,839,caÃ±adas
840,840,playas
841,841,chaÃ±aritos
842,842,media naranja
843,843,paso viejo
844,844,marcos san sierra
845,845,serrezuela
846,846,tuclame
847,847,de soto
848,848,campillo del
849,849,estaciÃ³n lecueder
850,850,bouchard hipÃ³lito
851,851,huinca renancÃ³
852,852,italÃ³
853,853,mattaldi
854,854,bruzzone nicolÃ¡s
855,855,onagoity
856,856,pincÃ©n
857,857,ranqueles
858,858,magdalena santa
859,859,huidobro
860,860,sarmiento
861,861,valeria
862,862,algodÃ³n arroyo
863,863,arroyo cabral
864,864,ausonia
865,865,chazÃ³n
866,866,etruria
867,867,laguna
868,868,palestina
869,869,playosa
870,870,mojarras
871,871,luca
872,872,pasco
873,873,sanabria
874,874,pellico silvio
875,875,ticino
876,876,pujio tÃ­o
877,877,albertina
878,878,marÃ­a
879,879,nueva
880,880,oeste
881,881,avellaneda
882,882,caÃ±ada de pinto rÃ­o
883,883,chuÃ±a
884,884,copacabana
885,885,deÃ¡n funes
886,886,alambre del esquina
887,887,pozos
888,888,de nicolÃ¡s olivares san
889,889,quilino
890,890,de pedro san toyos
891,891,gutiÃ©rrez
892,892,quilino
893,893,alejandro roca
894,894,assunta
895,895,bengolea
896,896,rillo
897,897,charras
898,898,rastreador
899,899,cabrera
900,900,deheza
901,901,huanchillas
902,902,carlota
903,903,cisnes
904,904,olaeta
905,905,de melo pacheco
906,906,del durazno paso
907,907,eufemia santa
908,908,ucacha
909,909,ucciÃ³n
910,910,alejo ledesma
911,911,arias
912,912,aldao camilo
913,913,bernardo capitÃ¡n o'higgins
914,914,cavanagh
915,915,barge colonia
916,916,colonia italiana
917,917,colonia veinticinco
918,918,bustos corral de
919,919,alta cruz
920,920,baldissera
921,921,roca
922,922,guatimozÃ­n
923,923,inriville
924,924,isla verde
925,925,leones
926,926,surgentes
927,927,juÃ¡rez marcos
928,928,buey monte
929,929,saira
930,930,saladillo
931,931,elisa
932,932,ciÃ©naga coro del
933,933,chacho
934,934,de guadalupe
935,935,guasa
936,936,playa
937,937,carlos minas san
938,938,talaini
939,939,tosno
940,940,chancani
941,941,palmas
942,942,talares
943,943,salsacate
944,944,gerÃ³nimo san
945,945,caÃ±ada tala
946,946,taninga
947,947,de pocho
948,948,levalle
949,949,cesira
950,950,laboulaye
951,951,leguizamÃ³n
952,952,melo
953,953,bamba rÃ­o
954,954,rosales
955,955,joaquÃ­n san
956,956,serrano
957,957,rossi
958,958,isabel santa
959,959,bialet massÃ©
960,960,cabalango
961,961,capilla del monte
962,962,grande
963,963,charbonier
964,964,cosquÃ­n
965,965,blanca cuesta
966,966,vieja
967,967,grande huerta
968,968,cumbre
969,969,falda
970,970,jarillas
971,971,cocos
972,972,mallÃ­n
973,973,mayu sumaj
974,974,de luna quebrada
975,975,antonio ar de ondo san
976,976,esteban san
977,977,roque san
978,978,de marÃ­a punilla santa
979,979,huasi tala
980,980,tanti
981,981,hermoso valle
982,982,carlos paz
983,983,flor serrana
984,984,giardino
985,985,azul lago
986,986,siquimÃ¡n
987,987,cruz icho rÃ­o
988,988,josÃ© san
989,989,cruz del lago santa
990,990,achiras
991,991,adelia marÃ­a
992,992,alcira gigena
993,993,alpa corral
994,994,berrotarÃ¡n
995,995,bulnes
996,996,chajÃ¡n
997,997,chucul
998,998,baigorria coronel
999,999,coronel moldes
1000,1000,elena
1001,1001,carolina
1002,1002,cautiva
1003,1003,gilda
1004,1004,acequias
1005,1005,albahacas
1006,1006,higueras
1007,1007,peÃ±as
1008,1008,vertientes
1009,1009,malena
1010,1010,degauchos monte
1011,1011,del durazno paso
1012,1012,cuarto rÃ­o
1013,1013,sampacho
1014,1014,basilio san
1015,1015,catalina holmberg santa
1016,1016,suco
1017,1017,tosquitas
1018,1018,mackenna vicuÃ±a
1019,1019,chacay
1020,1020,eugenia santa
1021,1021,washington
1022,1022,atahona
1023,1023,caÃ±ada de machado
1024,1024,capilla deremedios
1025,1025,chalacea
1026,1026,coloniacuatro esquinas
1027,1027,de diego rojas
1028,1028,alcalde
1029,1029,crispÃ­n
1030,1030,esquina
1031,1031,658 kilÃ³metro
1032,1032,para
1033,1033,posta
1034,1034,puerta
1035,1035,quinta
1036,1036,gramillas
1037,1037,saladas
1038,1038,gallini maquinista
1039,1039,del monte rosario
1040,1040,montecristo
1041,1041,obispo trejo
1042,1042,piquillÃ­n
1043,1043,de mercedes plaza
1044,1044,comechingones pueblo
1045,1045,primero rÃ­o
1046,1046,familia sagrada
1047,1047,de primero rosa rÃ­o santa
1048,1048,fontana
1049,1049,cerro colorado
1050,1050,chaÃ±ar viejo
1051,1051,eufrasio loza
1052,1052,gÃ¼temberg
1053,1053,rinconada
1054,1054,hoyos
1055,1055,castro de puesto
1056,1056,cortado rayo
1057,1057,de gÃ¼temberg pedro san
1058,1058,elena santa
1059,1059,elcano sebastiÃ¡n
1060,1060,candelaria
1061,1061,de marÃ­a
1062,1062,calchÃ­n
1063,1063,calchÃ­n oeste
1064,1064,capilla carmen del
1065,1065,carrilobo
1066,1066,colazo
1067,1067,colonia videla
1068,1068,costasacate
1069,1069,impira
1070,1070,laguna larga
1071,1071,junturas
1072,1072,chaÃ±aritos
1073,1073,luque
1074,1074,i manf
1075,1075,matorrales
1076,1076,oncativo
1077,1077,pilar
1078,1078,del molle pozo
1079,1079,rincÃ³n
1080,1080,rÃ­o segundo
1081,1081,santiago temple
1082,1082,del rosario
1083,1083,ambul
1084,1084,arroyopatos
1085,1085,huayco
1086,1086,cortadera
1087,1087,calles
1088,1088,oscuras
1089,1089,rabonas
1090,1090,callejones
1091,1091,clavero mina
1092,1092,mussi
1093,1093,nono
1094,1094,panaholma
1095,1095,huberto san
1096,1096,lorenzo san
1097,1097,martÃ­n san
1098,1098,pedro san
1099,1099,san vicente
1100,1100,arriba sauce
1101,1101,tasna
1102,1102,brochero cura
1103,1103,sarmiento
1104,1104,conlara
1105,1105,caÃ±a cruz
1106,1106,arroyos dos
1107,1107,pantanillo
1108,1108,paz
1109,1109,poblaciÃ³n
1110,1110,ramada
1111,1111,travesÃ­a
1112,1112,chacras
1113,1113,tapias
1114,1114,bola loma
1115,1115,cerrillos
1116,1116,hornillos
1117,1117,molles
1118,1118,luyaba
1119,1119,ladeado quebracho
1120,1120,depozos quebrada
1121,1121,javier san y yacanto
1122,1122,josÃ© san
1123,1123,derosas
1124,1124,dolores
1125,1125,viÃ±a
1126,1126,alicia
1127,1127,altos chipiÃ³n de
1128,1128,arroyito
1129,1129,balnearia
1130,1130,brinkmann
1131,1131,anita colonia
1132,1132,10 colonia de julio
1133,1133,coloniapichanas
1134,1134,colonia marina
1135,1135,colonia prosperidad
1136,1136,bartolomÃ© colonia san
1137,1137,colonia pedro san
1138,1138,colonia marÃ­a santa
1139,1139,colonia valtelina
1140,1140,colonia vignaud
1141,1141,devoto
1142,1142,araÃ±ado
1143,1143,fortÃ­n
1144,1144,fuertecito
1145,1145,tÃ­o
1146,1146,estaciÃ³n luxardo
1147,1147,colonia iturraspe
1148,1148,freyre
1149,1149,francia
1150,1150,paquita
1151,1151,tordilla
1152,1152,varas
1153,1153,varillas
1154,1154,marull
1155,1155,miramar
1156,1156,morteros
1157,1157,luxardo plaza
1158,1158,francisco plaza san
1159,1159,porteÃ±a
1160,1160,herrado quebracho
1161,1161,sacanta
1162,1162,francisco san
1163,1163,laspiur marÃ­a saturnino
1164,1164,seeber
1165,1165,pujio toro
1166,1166,trÃ¡nsito
1167,1167,concepciÃ³n del tÃ­o
1168,1168,del trÃ¡nsito
1169,1169,esteban san
1170,1170,alta gracia
1171,1171,anisacate
1172,1172,(1Âº de gilbert mayo)
1173,1173,tejas tres
1174,1174,bouwer
1175,1175,del virrey
1176,1176,caseros
1177,1177,causana
1178,1178,azul costa
1179,1179,despeÃ±aderos
1180,1180,chico dique
1181,1181,potrerillo
1182,1182,caÃ±ete del falda
1183,1183,carmen del falda
1184,1184,dequintana josÃ©
1185,1185,boca del rÃ­o
1186,1186,carbonada
1187,1187,paisanita
1188,1188,perla
1189,1189,rancherita ycascadas
1190,1190,serranita
1191,1191,cedros
1192,1192,lozada
1193,1193,malagueÃ±o
1194,1194,milenica
1195,1195,monte ralo
1196,1196,de garay potrero
1197,1197,garcÃ­a rafael
1198,1198,clemente san
1199,1199,nicolÃ¡s san
1200,1200,alta
1201,1201,socavones
1202,1202,toledo
1203,1203,alegre valle
1204,1204,anisacate de valle
1205,1205,amÃ©rica ciudad de
1206,1206,del prado
1207,1207,bolsa
1208,1208,aromos
1209,1209,ana santa
1210,1210,isidro san
1211,1211,de oro sierras
1212,1212,yocsina
1213,1213,caminiaga
1214,1214,chuÃ±a huasi
1215,1215,nuevo pozo
1216,1216,chaÃ±ar del francisco san
1217,1217,almafuerte
1218,1218,almada colonia
1219,1219,corralito
1220,1220,dalmacio vÃ©lez
1221,1221,fotheringham
1222,1222,hernando
1223,1223,craik james
1224,1224,isletillas
1225,1225,perdices
1226,1226,zorros
1227,1227,oliva
1228,1228,norte yasta
1229,1229,sud yasta
1230,1230,agua del punta
1231,1231,rÃ­o tercero
1232,1232,tancacha
1233,1233,ascasubi
1234,1234,candelaria sur
1235,1235,caÃ±ada de luque
1236,1236,capilla de sitÃ³n
1237,1237,pampa
1238,1238,peÃ±as
1239,1239,mistoles
1240,1240,catalina santa
1241,1241,sarmiento
1242,1242,simbolar
1243,1243,sinsacate
1244,1244,del totoral
1245,1245,caÃ±ada churqui
1246,1246,rodeo
1247,1247,tuscal
1248,1248,arrias
1249,1249,lucio mansilla v
1250,1250,del rosario saladillo
1251,1251,dedormida josÃ© san
1252,1252,desalinas josÃ© san
1253,1253,norte pedro san
1254,1254,tulumba
1255,1255,aldea marÃ­a santa
1256,1256,alegre alto
1257,1257,ana zumarÃ¡n
1258,1258,ballesteros
1259,1259,ballesteros sud
1260,1260,bell ville
1261,1261,benjamÃ­n gould
1262,1262,canals
1263,1263,chilibroste
1264,1264,cintra
1265,1265,bismarck colonia
1266,1266,bremen colonia
1267,1267,idiazabal
1268,1268,justiniano posse
1269,1269,laborde
1270,1270,leÃ±a monte
1271,1271,maÃ­z monte
1272,1272,morrison
1273,1273,noetinger
1274,1274,ordoÃ±ez
1275,1275,pascanas
1276,1276,italiano pueblo
1277,1277,cÃ¡rcano j ramÃ³n
1278,1278,antonio de litÃ­n san
1279,1279,marcos san
1280,1280,san severo
1281,1281,viamonte
1282,1282,patos
1283,1283,escalante wenceslao
1284,1284,bella vista
1285,1285,astrada berÃ³n de
1286,1286,yahapÃ©
1287,1287,corrientes
1288,1288,brava laguna
1289,1289,riachuelo
1290,1290,cayetano san
1291,1291,concepciÃ³n
1292,1292,rosa santa
1293,1293,tatacua
1294,1294,cazadores correntinos
1295,1295,tabay
1296,1296,cuatiÃ¡ curuzÃº
1297,1297,perugorrÃ­a
1298,1298,sombrero
1299,1299,empedrado
1300,1300,esquina
1301,1301,libertador pueblo
1302,1302,alvear
1303,1303,estaciÃ³n torrent
1304,1304,ibatÃ© itÃ¡
1305,1305,de lomas vallejos
1306,1306,catÃ­ caÃ¡ de del nuestra rosario seÃ±ora
1307,1307,grande palmar
1308,1308,carolina
1309,1309,goya
1310,1310,itatÃ­
1311,1311,paso ramada
1312,1312,colonia liebig's
1313,1313,ituzaingÃ³
1314,1314,antonio san
1315,1315,carlos san
1316,1316,olivari
1317,1317,cruz demil
1318,1318,e gobernador juan martÃ­nez
1319,1319,lavalle
1320,1320,lucÃ­a santa
1321,1321,cÃ³rdoba
1322,1322,calle yatayti
1323,1323,mburucuyÃ¡
1324,1324,felipe yofrÃ©
1325,1325,i loza mariano
1326,1326,mercedes
1327,1327,colonia libertad
1328,1328,juan pujol
1329,1329,mocoretÃ¡
1330,1330,caseros monte
1331,1331,acuÃ±a parada
1332,1332,labougle parada
1333,1333,bonpland
1334,1334,parada pucheta
1335,1335,delibres paso
1336,1336,tapebicuÃ¡
1337,1337,saladas
1338,1338,lorenzo san
1339,1339,correntino ingenio primer
1340,1340,depatria paso
1341,1341,cosme san
1342,1342,ana santa
1343,1343,del luis palmar san
1344,1344,carlos colonia pellegrini
1345,1345,guaviravÃ­
1346,1346,cruz
1347,1347,yapeyÃº
1348,1348,loreto
1349,1349,miguel san
1350,1350,chavarrÃ­a
1351,1351,colonia pando
1352,1352,estaciÃ³n libertad
1353,1353,9 de julio
1354,1354,fernÃ¡ndez pedro r
1355,1355,roque san
1356,1356,gÃ³mez josÃ© rafael
1357,1357,garruchos
1358,1358,gobernador igr valentÃ­n virasoro
1359,1359,santo tomÃ©
1360,1360,sauce
1361,1361,bermejo concepciÃ³n del
1362,1362,frentones
1363,1363,del infierno
1364,1364,muerto rÃ­o
1365,1365,pozo taco
1366,1366,vedia
1367,1367,cerrito del isla
1368,1368,leonesa
1369,1369,palmas
1370,1370,bermejo nuevo puerto
1371,1371,bermejo puerto viejo
1372,1372,eva perÃ³n puerto
1373,1373,p peÃ±a roque sÃ¡enz
1374,1374,charata
1375,1375,gancedo
1376,1376,capdevila
1377,1377,pinedo
1378,1378,de fierro mesÃ³n
1379,1379,landriel
1380,1380,hermoso
1381,1381,itÃ­n
1382,1382,chorotis
1383,1383,santa sylvina
1384,1384,grandes venados
1385,1385,corzuela
1386,1386,escondida
1387,1387,verde
1388,1388,lapachito
1389,1389,makallÃ©
1390,1390,espinillo
1391,1391,sauzal
1392,1392,sauzalito
1393,1393,fortÃ­n lavalle
1394,1394,esperanza fuerte
1395,1395,castelli josÃ© juan
1396,1396,miraflores
1397,1397,pompeya
1398,1398,bermejito rÃ­o
1399,1399,wichi
1400,1400,zaparinqui
1401,1401,avia terai
1402,1402,largo
1403,1403,fortÃ­nchuÃ±as
1404,1404,napenay
1405,1405,colonia
1406,1406,do estaciÃ³n ob
1407,1407,blanca laguna
1408,1408,puerto tirol
1409,1409,ciervo petiso
1410,1410,de josÃ© martÃ­n san
1411,1411,eduvigis
1412,1412,laguna limpia
1413,1413,almirÃ³n
1414,1414,del indio
1415,1415,p roca
1416,1416,de del oro rÃ­o selvas
1417,1417,isletas tres
1418,1418,coronel du graty
1419,1419,enrique urien
1420,1420,angela
1421,1421,breÃ±as
1422,1422,clotilde
1423,1423,tigra
1424,1424,bernardo san
1425,1425,deplaza p
1426,1426,depescadores
1427,1427,benÃ­tez colonia
1428,1428,belÃ©n margarita
1429,1429,quitilipi
1430,1430,palmar
1431,1431,barranqueras
1432,1432,basail
1433,1433,baranda colonia
1434,1434,fontana
1435,1435,puerto vilelas
1436,1436,resistencia
1437,1437,samuhÃº
1438,1438,berthet
1439,1439,capitÃ¡n solari
1440,1440,colonia elisa
1441,1441,colonias unidas
1442,1442,barbet ingeniero
1443,1443,garcitas
1444,1444,charadai
1445,1445,cote lai
1446,1446,haumonia
1447,1447,horquilla
1448,1448,sabana
1449,1449,aborigen colonia
1450,1450,machagai
1451,1451,napalpÃ­
1452,1452,madryn puerto
1453,1453,pirÃ¡mides puerto
1454,1454,quintasmirador
1455,1455,area protegidadoradillo reserva
1456,1456,aires buenos chico
1457,1457,cholila
1458,1458,chubut costa del
1459,1459,cushamen
1460,1460,hoyo
1461,1461,maitÃ©n
1462,1462,epuyÃ©n
1463,1463,cahuel fofo
1464,1464,gualjaina
1465,1465,epuyÃ©n lago
1466,1466,lago puelo
1467,1467,leleque
1468,1468,astra
1469,1469,bahÃ­a bustamante
1470,1470,comodoro rivadavia
1471,1471,diadema
1472,1472,rada tilly
1473,1473,camarones
1474,1474,garayalde
1475,1475,(los aldea rÃ¡pidos)
1476,1476,corcovado
1477,1477,esquel
1478,1478,lago rosario
1479,1479,cipreses
1480,1480,trevelÃ­n
1481,1481,futalaufquen
1482,1482,ameghino dique florentino
1483,1483,dolavon
1484,1484,gaiman
1485,1485,28 de julio
1486,1486,blancuntre
1487,1487,escorial
1488,1488,gastre
1489,1489,lagunita salada
1490,1490,laubat yala
1491,1491,aldea epulef
1492,1492,carrenleufÃº
1493,1493,colan conhuÃ©
1494,1494,del paso sapo
1495,1495,tecka
1496,1496,mirasol
1497,1497,plumas
1498,1498,cerro cÃ³ndor
1499,1499,altares
1500,1500,de indios paso
1501,1501,magagna playa
1502,1502,playa uniÃ³n
1503,1503,rawson
1504,1504,trelew
1505,1505,aldea apeleg
1506,1506,aldea beleiro
1507,1507,alto rÃ­o senguer
1508,1508,doctor ricardo rojas
1509,1509,facundo
1510,1510,blanco lago
1511,1511,mayo rÃ­o
1512,1512,buen pasto
1513,1513,sarmiento
1514,1514,(frontera atilio de doctor oscar pico) rÃ­o viglione
1515,1515,costa gobernador
1516,1516,de josÃ© martÃ­n san
1517,1517,pico rÃ­o
1518,1518,gan gan
1519,1519,telsen
1520,1520,arroyo barÃº
1521,1521,colÃ³n
1522,1522,colonia hugues
1523,1523,hambis
1524,1524,hocker
1525,1525,clarita
1526,1526,cazes pueblo
1527,1527,liebig's pueblo
1528,1528,josÃ© san
1529,1529,ubajay
1530,1530,elisa
1531,1531,calabacilla
1532,1532,clodomiro ledesma
1533,1533,ayuÃ­ colonia
1534,1534,colonia roca
1535,1535,concordia
1536,1536,estaciÃ³n yeruÃ¡
1537,1537,estaciÃ³n yuquerÃ­
1538,1538,grande
1539,1539,charrÃºas
1540,1540,escocia
1541,1541,magnasco osvaldo
1542,1542,pedernal
1543,1543,puerto yeruÃ¡
1544,1544,aldea brasilera
1545,1545,aldea grapschental
1546,1546,aldea protestante
1547,1547,aldea salto
1548,1548,aldea francisco san
1549,1549,aldea spatzenkutter
1550,1550,aldea marÃ­a valle
1551,1551,colonia ensayo
1552,1552,diamante
1553,1553,camps estaciÃ³n
1554,1554,alvear
1555,1555,(el carmen) racedo
1556,1556,ramÃ­rez
1557,1557,juanita
1558,1558,jaulas
1559,1559,paraje virgen
1560,1560,puertocuevas
1561,1561,libertador martÃ­n san
1562,1562,chajarÃ­
1563,1563,alemana colonia
1564,1564,colonia
1565,1565,colonia peÃ±a
1566,1566,federaciÃ³n
1567,1567,conquistadores
1568,1568,defrontera jaime san
1569,1569,pedro san
1570,1570,ramÃ³n san
1571,1571,ana santa
1572,1572,del rosario
1573,1573,bernardi conscripto
1574,1574,(el aldea cimarrÃ³n) isidro san
1575,1575,federal
1576,1576,vizcaya
1577,1577,de luna sauce
1578,1578,de feliciano josÃ© san
1579,1579,san vÃ­ctor
1580,1580,aldea asunciÃ³n
1581,1581,estaciÃ³n lazo
1582,1582,galarza
1583,1583,gualeguay
1584,1584,puerto ruiz
1585,1585,aldea antonio san
1586,1586,aldea juan san
1587,1587,carbÃ³ enrique
1588,1588,escriÃ±a estaciÃ³n
1589,1589,faustino m parera
1590,1590,almada
1591,1591,gilbert
1592,1592,gualeguaychÃº
1593,1593,irazusta
1594,1594,larroque
1595,1595,britos pastor
1596,1596,belgrano pueblo
1597,1597,urdinarrain
1598,1598,ceibas
1599,1599,ibicuy
1600,1600,mÃ©danos
1601,1601,paranacito
1602,1602,alcaraz
1603,1603,bovril
1604,1604,avigdor colonia
1605,1605,solar
1606,1606,paz
1607,1607,blancas piedras
1608,1608,gustavo san
1609,1609,elena santa
1610,1610,leonard sir
1611,1611,aranguren
1612,1612,betbeder
1613,1613,cristÃ³bal
1614,1614,febrÃ©
1615,1615,hernÃ¡ndez
1616,1616,gonzÃ¡lez lucas
1617,1617,nogoyÃ¡
1618,1618,de setiembre xx
1619,1619,aldea luisa marÃ­a
1620,1620,aldea juan san
1621,1621,aldea rafael san
1622,1622,aldea marÃ­a santa
1623,1623,aldea rosa santa
1624,1624,cerrito
1625,1625,avellaneda colonia
1626,1626,colonia crespo
1627,1627,crespo
1628,1628,palenque
1629,1629,pingo
1630,1630,ramblÃ³n
1631,1631,hasenkamp
1632,1632,hernandarias
1633,1633,picada
1634,1634,tunas
1635,1635,grande marÃ­a
1636,1636,oro verde
1637,1637,paranÃ¡
1638,1638,(las bellocq garzas) pueblo
1639,1639,brugo pueblo
1640,1640,martÃ­n pueblo san
1641,1641,benito san
1642,1642,montrull sauce
1643,1643,pinto sauce
1644,1644,seguÃ­
1645,1645,sosa
1646,1646,tabossi
1647,1647,pinto tezanos
1648,1648,viale
1649,1649,fontana
1650,1650,etchevehere f gdor luis
1651,1651,urquiza
1652,1652,general campos
1653,1653,salvador san
1654,1654,altamirano sur
1655,1655,durazno
1656,1656,arroyo clÃ© estaciÃ³n
1657,1657,echagÃ¼e gobernador
1658,1658,gobernador mansilla
1659,1659,gobernador solÃ¡
1660,1660,guardamonte
1661,1661,guachas
1662,1662,maciÃ¡
1663,1663,del rosario tala
1664,1664,basavilbaso
1665,1665,caseros
1666,1666,colonia elÃ­a
1667,1667,concepciÃ³n del uruguay
1668,1668,herrera
1669,1669,moscas
1670,1670,lÃ­baros
1671,1671,1Âº de mayo
1672,1672,pronunciamiento
1673,1673,rocamora
1674,1674,anita santa
1675,1675,mantero
1676,1676,justo san
1677,1677,(est gobernador marcial san urquiza)
1678,1678,antelo
1679,1679,doll
1680,1680,victoria
1681,1681,estaciÃ³n raÃ­ces
1682,1682,ingeniero miguel sajaroff
1683,1683,jubileo
1684,1684,delaguna paso
1685,1685,clara
1686,1686,domÃ­nguez
1687,1687,villaguay
1688,1688,fortÃ­n soledad
1689,1689,guadalcazar
1690,1690,rinconada
1691,1691,laguna yema
1692,1692,lamadrid
1693,1693,chiriguanos
1694,1694,de maza pozo
1695,1695,del mortero pozo
1696,1696,perdida vaca
1697,1697,colonia pastoril
1698,1698,formosa
1699,1699,gran guardia
1700,1700,boedo mariano
1701,1701,de fierro mojÃ³n
1702,1702,hilario san
1703,1703,carmen del
1704,1704,payaguÃ¡
1705,1705,lucio mansilla v
1706,1706,herradura
1707,1707,de francisco laishi san
1708,1708,tatanÃ©
1709,1709,escolar
1710,1710,guillermo ingeniero juÃ¡rez n
1711,1711,bartolomÃ© de
1712,1712,colonia sarmiento
1713,1713,comandante fontana
1714,1714,recreo
1715,1715,del estanislao
1716,1716,1Âº cabo fortÃ­n lugones
1717,1717,1Âº fortÃ­n leyes sargento
1718,1718,ibarreta
1719,1719,bazÃ¡n g juan
1720,1720,lomitas
1721,1721,cambio posta zalazar
1722,1722,del pozo tigre
1723,1723,i martÃ­n san
1724,1724,ii martÃ­n san
1725,1725,perÃ­n subteniente
1726,1726,gÃ¼emes
1727,1727,belgrano manuel
1728,1728,buena vista
1729,1729,espinillo
1730,1730,gallo laguna
1731,1731,misiÃ³n tacaaglÃ©
1732,1732,negro portÃ³n
1733,1733,lagunas tres
1734,1734,clorinda
1735,1735,blanca laguna
1736,1736,laguna naick
1737,1737,neck
1738,1738,palma sola
1739,1739,pilcomayo puerto
1740,1740,he riacho
1741,1741,he
1742,1742,negro riacho
1743,1743,palmas siete
1744,1744,colonia villafaÃ±e
1745,1745,colorado
1746,1746,palo santo
1747,1747,piranÃ©
1748,1748,213 kilÃ³metro
1749,1749,potrillo
1750,1750,mosconi
1751,1751,quebracho
1752,1752,abdÃ³n castro tolay
1753,1753,abra
1754,1754,abralaite
1755,1755,agua castilla de
1756,1756,bindo
1757,1757,cochinoca
1758,1758,onda
1759,1759,del marquÃ©z puesto
1760,1760,quebraleÃ±a
1761,1761,quera
1762,1762,rinconadillas
1763,1763,alfarcito de francisco san
1764,1764,ana depuna santa
1765,1765,de pozos santuario tres
1766,1766,tambillos
1767,1767,tusaquillas
1768,1768,aguas calientes
1769,1769,mil
1770,1770,uniÃ³n
1771,1771,carmen
1772,1772,lapachos
1773,1773,loteo san vicente
1774,1774,manantiales
1775,1775,monterrico
1776,1776,blanca
1777,1777,perico
1778,1778,puesto viejo
1779,1779,isidro san
1780,1780,juancito san
1781,1781,guerrero
1782,1782,almona
1783,1783,leÃ³n
1784,1784,lozano
1785,1785,ocloyas
1786,1786,de jujuy salvador san
1787,1787,tesorero
1788,1788,yala
1789,1789,aparzo
1790,1790,cianzo
1791,1791,coctaca
1792,1792,aguilar
1793,1793,hipÃ³lito yrigoyen
1794,1794,humahuaca
1795,1795,aparzo de palca
1796,1796,de palca varas
1797,1797,rodero
1798,1798,cruces tres
1799,1799,uquÃ­a
1800,1800,bananal
1801,1801,bermejito
1802,1802,caimancito
1803,1803,calilegua
1804,1804,chalicÃ¡n
1805,1805,fraile pintado
1806,1806,libertad
1807,1807,libertador martÃ­n san
1808,1808,maÃ­z negro
1809,1809,paulina
1810,1810,yuto
1811,1811,carahunco
1812,1812,centro forestal
1813,1813,palpalÃ¡
1814,1814,colorada
1815,1815,coyaguaima
1816,1816,de farallÃ³n lagunillas
1817,1817,liviara
1818,1818,blanca loma
1819,1819,nuevo pirquitas
1820,1820,orosmayo
1821,1821,rinconada
1822,1822,ceibal
1823,1823,alisos
1824,1824,loteo navea
1825,1825,del nuestra rosario seÃ±ora
1826,1826,antonio san
1827,1827,arrayanal
1828,1828,arroyo colorado
1829,1829,emilio
1830,1830,acheral
1831,1831,puesto
1832,1832,quemado
1833,1833,esperanza
1834,1834,manga
1835,1835,mendieta
1836,1836,miraflores
1837,1837,blancos palos
1838,1838,parapetÃ­
1839,1839,piedritas
1840,1840,rodeito
1841,1841,(ex barro de grande negro) rosario rÃ­o
1842,1842,antonio san
1843,1843,lucas san
1844,1844,pedro san
1845,1845,sauzal
1846,1846,fuerte
1847,1847,piquete
1848,1848,talar
1849,1849,palma sola
1850,1850,lavayÃ©n puente
1851,1851,clara santa
1852,1852,vinalito
1853,1853,casira
1854,1854,ciÃ©nega de paicone
1855,1855,cieneguillas
1856,1856,cusi cusi
1857,1857,angosto
1858,1858,ciÃ©nega
1859,1859,misarrumi
1860,1860,oratorio
1861,1861,paicone
1862,1862,de juan oros san
1863,1863,catalina santa
1864,1864,yoscaba
1865,1865,catua
1866,1866,coranzuli
1867,1867,toro
1868,1868,huÃ¡ncar
1869,1869,jama
1870,1870,mina providencia
1871,1871,olacapato
1872,1872,chico olaroz
1873,1873,chicos pastos
1874,1874,puesto sey
1875,1875,de juan quillaquÃ©s san
1876,1876,susques
1877,1877,colonia josÃ© san
1878,1878,huacalera
1879,1879,juella
1880,1880,maimarÃ¡
1881,1881,tilcara
1882,1882,bÃ¡rcena
1883,1883,moreno
1884,1884,colorados de puerta
1885,1885,purmamarca
1886,1886,tumbaya
1887,1887,volcÃ¡n
1888,1888,caspalÃ¡
1889,1889,pampichuela
1890,1890,francisco san
1891,1891,ana santa
1892,1892,colorado valle
1893,1893,grande valle
1894,1894,s
1895,1895,cangrejillos
1896,1896,cÃ³ndor
1897,1897,intermedia
1898,1898,quiaca
1899,1899,llulluchayoc
1900,1900,pumahuasi
1901,1901,yavi
1902,1902,chico yavi
1903,1903,doblas
1904,1904,macachÃ­n
1905,1905,miguel riglos
1906,1906,rolÃ³n
1907,1907,anchorena m tomÃ¡s
1908,1908,anzoÃ¡tegui
1909,1909,adela
1910,1910,anguil
1911,1911,rosa santa
1912,1912,catrilÃ³
1913,1913,gloria
1914,1914,lonquimay
1915,1915,uriburu
1916,1916,conhelo
1917,1917,castex eduardo
1918,1918,mauricio mayer
1919,1919,monte nievas
1920,1920,rucanelo
1921,1921,a winif
1922,1922,duval gobernador
1923,1923,puelches
1924,1924,isabel santa
1925,1925,bernardo larroude
1926,1926,ceballos
1927,1927,coronel hilario lagos
1928,1928,alvear intendente
1929,1929,sarah
1930,1930,vÃ©rtiz
1931,1931,algarrobo del Ã¡guila
1932,1932,humada
1933,1933,alpachiri
1934,1934,j manuel
1935,1935,guatrachÃ©
1936,1936,perÃº
1937,1937,santa teresa
1938,1938,abramo
1939,1939,bernasconi
1940,1940,martÃ­n san
1941,1941,hucal
1942,1942,arÃ¡uz jacinto
1943,1943,co cuchillo
1944,1944,reforma
1945,1945,limay mahuida
1946,1946,carro quemado
1947,1947,loventuÃ©
1948,1948,luan toro
1949,1949,telÃ©n
1950,1950,victorica
1951,1951,agustoni
1952,1952,dorila
1953,1953,pico
1954,1954,speluzzi
1955,1955,trebolares
1956,1956,de piedra
1957,1957,puelÃ©n
1958,1958,25 de mayo
1959,1959,barÃ³n colonia
1960,1960,colonia josÃ© san
1961,1961,canÃ© miguel
1962,1962,quemÃº quemÃº
1963,1963,relmo
1964,1964,mirasol
1965,1965,caleufÃº
1966,1966,foster ingeniero
1967,1967,maruja
1968,1968,parera
1969,1969,huinca pichi
1970,1970,quetrequÃ©n
1971,1971,rancul
1972,1972,adolfo praet van
1973,1973,alta italia
1974,1974,damiÃ¡n maisonave
1975,1975,embajador martini
1976,1976,falucho
1977,1977,ingeniero luiggi
1978,1978,ojeda
1979,1979,realicÃ³
1980,1980,cachirulo
1981,1981,naicÃ³
1982,1982,toay
1983,1983,arata
1984,1984,metileo
1985,1985,trenel
1986,1986,ataliva roca
1987,1987,colonia marÃ­a santa
1988,1988,acha
1989,1989,quehuÃ©
1990,1990,unanuÃ©
1991,1991,aimogasta
1992,1992,arauco
1993,1993,baÃ±ado depantanos
1994,1994,estaciÃ³n mazÃ¡n
1995,1995,de santa teresita termas
1996,1996,mazÃ¡n
1997,1997,rioja
1998,1998,aminga
1999,1999,anillaco
2000,2000,anjullÃ³n
2001,2001,chuquis
2002,2002,molinos
2003,2003,pinchas
2004,2004,pedro san
2005,2005,cruz santa vera
2006,2006,aicuÃ±Ã¡
2007,2007,guandacol
2008,2008,palacios
2009,2009,pagancillo
2010,2010,uniÃ³n
2011,2011,chacharramendi
2012,2012,chamical
2013,2013,polco
2014,2014,chilecito
2015,2015,anguinÃ¡n colonia
2016,2016,catinzaco colonia
2017,2017,colonia mal sta
2018,2018,colonia vichigasta
2019,2019,guanchÃ­n
2020,2020,mal sta
2021,2021,miranda
2022,2022,nonogasta
2023,2023,nicolÃ¡s san
2024,2024,florentina santa
2025,2025,saÃ±ogasta
2026,2026,tilimuqui
2027,2027,vichigasta
2028,2028,alto carrizal
2029,2029,angulos
2030,2030,antinaco
2031,2031,bajo carrizal
2032,2032,campanas
2033,2033,chaÃ±armuyo
2034,2034,famatina
2035,2035,cuadra
2036,2036,pituil
2037,2037,plaza vieja
2038,2038,cruz santa
2039,2039,domingo santo
2040,2040,dellanos punta
2041,2041,tama
2042,2042,barros castro
2043,2043,chaÃ±ar
2044,2044,blanca loma
2045,2045,olta
2046,2046,malanzÃ¡n
2047,2047,nÃ¡cate
2048,2048,portezuelo
2049,2049,antonio san
2050,2050,castelli
2051,2051,ambil
2052,2052,colonia de o ortiz
2053,2053,mil
2054,2054,olpas
2055,2055,catuna de rita santa
2056,2056,ulapes
2057,2057,jagÃ¼Ã©
2058,2058,de josÃ© san vinchina
2059,2059,amanÃ¡
2060,2060,patquÃ­a
2061,2061,chepes
2062,2062,desiderio tello
2063,2063,salicas
2064,2064,blas san
2065,2065,sanagasta
2066,2066,mendoza
2067,2067,bowen
2068,2068,carmensa
2069,2069,alvear
2070,2070,compartos
2071,2071,cruz godoy
2072,2072,colonia segovia
2073,2073,guaymallÃ©n
2074,2074,primavera
2075,2075,corralitos
2076,2076,de puente
2077,2077,giagnoni ingeniero
2078,2078,junÃ­n
2079,2079,colonia
2080,2080,barriales
2081,2081,medrano
2082,2082,phillips
2083,2083,peÃ±a rodrÃ­guez
2084,2084,desaguadero
2085,2085,paz
2086,2086,antigua
2087,2087,blanco encalada
2088,2088,jocolÃ­
2089,2089,cuevas
2090,2090,heras
2091,2091,penitentes
2092,2092,as polva
2093,2093,del inca puente
2094,2094,de punta vacas
2095,2095,uspallata
2096,2096,alto del olvido
2097,2097,ii jocolÃ­
2098,2098,palmera
2099,2099,pega
2100,2100,bartoluzzi de lagunas
2101,2101,jarilleros
2102,2102,olivos
2103,2103,del rosario virgen
2104,2104,araujo costa de
2105,2105,paramillo
2106,2106,vergel
2107,2107,andrÃ© gustavo ingeniero
2108,2108,jocolÃ­
2109,2109,jocolÃ­ viejo
2110,2110,violetas
2111,2111,3 de mayo
2112,2112,tulumaya
2113,2113,agrelo
2114,2114,iv perdriel
2115,2115,cacheuta
2116,2116,costa flores
2117,2117,carrizal
2118,2118,salto
2119,2119,compuertas
2120,2120,vegas
2121,2121,cuyo de lujÃ¡n
2122,2122,perdriel
2123,2123,potrerillos
2124,2124,ugarteche
2125,2125,barrancas
2126,2126,de jesÃºs nazaret
2127,2127,cruz de piedra
2128,2128,pedregal
2129,2129,beltrÃ¡n fray luis
2130,2130,maipÃº
2131,2131,del medio rodeo
2132,2132,russell
2133,2133,roque san
2134,2134,teresa
2135,2135,agua escondida
2136,2136,leÃ±as
2137,2137,malargÃ¼e
2138,2138,andrade
2139,2139,cooperativacampamentos
2140,2140,rivadavia
2141,2141,mirador
2142,2142,central
2143,2143,esperanza
2144,2144,florida
2145,2145,libertad
2146,2146,Ã¡rboles
2147,2147,campamentos
2148,2148,medrano
2149,2149,nuevo
2150,2150,abajo de ucciÃ³n
2151,2151,rivadavia
2152,2152,de marÃ­a oro santa
2153,2153,carrasco
2154,2154,cepillo
2155,2155,chilecito
2156,2156,bustos eugenio
2157,2157,consulta
2158,2158,itas pa
2159,2159,carlos san
2160,2160,alto verde
2161,2161,chivilcoy
2162,2162,emanuel
2163,2163,estaciÃ³n
2164,2164,charabones
2165,2165,de fÃ¡tima ntra sra
2166,2166,chapanay
2167,2167,chivilcoy
2168,2168,espino
2169,2169,ramblÃ³n
2170,2170,montecaseros
2171,2171,california
2172,2172,martÃ­n san
2173,2173,porteÃ±as tres
2174,2174,toledano
2175,2175,nevado
2176,2176,comercio de empleados
2177,2177,intendencia
2178,2178,capitÃ¡n montoya
2179,2179,benegas cuadro
2180,2180,nihuil
2181,2181,sosneado
2182,2182,tropezÃ³n
2183,2183,goudge
2184,2184,jaime prats
2185,2185,llave
2186,2186,malvinas
2187,2187,reyunos
2188,2188,comÃ¡n monte
2189,2189,diablo pobre
2190,2190,agua del punta
2191,2191,caÃ­da rama
2192,2192,del padre real
2193,2193,derosas salto
2194,2194,rafael san
2195,2195,25 de mayo
2196,2196,atuel
2197,2197,atuel norte
2198,2198,12 de octubre
2199,2199,auxiliadora marÃ­a
2200,2200,cabrera molina
2201,2201,dormida
2202,2202,catitas
2203,2203,rosa santa
2204,2204,cayetano san
2205,2205,andes
2206,2206,coloniarosas
2207,2207,manzano
2208,2208,sauces
2209,2209,tunuyÃ¡n
2210,2210,flores vista
2211,2211,belgrano norte
2212,2212,cordÃ³n del plata
2213,2213,peral
2214,2214,zampal
2215,2215,arboleda
2216,2216,josÃ© san
2217,2217,tupungato
2218,2218,apÃ³stoles
2219,2219,azara
2220,2220,barrio rural
2221,2221,apÃ³stoles estaciÃ³n
2222,2222,pindapoy
2223,2223,azara de rincÃ³n
2224,2224,josÃ© san
2225,2225,capones tres
2226,2226,aristÃ³bulo del valle
2227,2227,grande
2228,2228,de dos mayo
2229,2229,(bÂº bernardino de dos iii mayo nucleo rivadavia)
2230,2230,17 kilÃ³metro
2231,2231,1Âº de mayo
2232,2232,illia pueblo
2233,2233,encantado salto
2234,2234,del lago
2235,2235,bonpland
2236,2236,candelaria
2237,2237,cerro corÃ¡
2238,2238,loreto
2239,2239,mÃ¡rtires
2240,2240,profundidad
2241,2241,ana puerto santa
2242,2242,ana santa
2243,2243,garupa nuevo
2244,2244,garupÃ¡
2245,2245,nemesio parma
2246,2246,posadas
2247,2247,(extensiÃ³n) posadas
2248,2248,barra concepciÃ³n
2249,2249,concepciÃ³n desierra
2250,2250,corita
2251,2251,marÃ­a santa
2252,2252,colonia victoria
2253,2253,eldorado
2254,2254,magdalena marÃ­a
2255,2255,delicia
2256,2256,28 9 de julio kilÃ³metro
2257,2257,20 9 de julio kilÃ³metro
2258,2258,nuevo pueblo
2259,2259,mado puerto
2260,2260,puerto
2261,2261,de liniers santiago
2262,2262,hermoso valle
2263,2263,roulet
2264,2264,andresito comandante
2265,2265,bernardo de irigoyen
2266,2266,caburei
2267,2267,dos
2268,2268,integraciÃ³n
2269,2269,norte piÃ±alito
2270,2270,andresito puerto
2271,2271,deseado puerto
2272,2272,antonio san
2273,2273,soberbio
2274,2274,fracrÃ¡n
2275,2275,san vicente
2276,2276,esperanza puerto
2277,2277,libertad puerto
2278,2278,iguazÃº puerto
2279,2279,cooperativa
2280,2280,colonia wanda
2281,2281,almafuerte
2282,2282,arroyo del medio
2283,2283,caÃ¡
2284,2284,yarÃ­
2285,2285,azul cerro
2286,2286,arroyos dos
2287,2287,gobernador lÃ³pez
2288,2288,alem leandro n
2289,2289,andrade olegario v
2290,2290,libertad
2291,2291,capiovÃ­
2292,2292,capioviciÃ±o
2293,2293,alcÃ¡zar
2294,2294,garuhapÃ©
2295,2295,mbopicuÃ¡
2296,2296,leoni puerto
2297,2297,puerto rico
2298,2298,de montoya ruiz
2299,2299,alberto san
2300,2300,gotardo san
2301,2301,miguel san
2302,2302,akerman
2303,2303,urrutia
2304,2304,bocas cuatro
2305,2305,guatambu
2306,2306,bario ita
2307,2307,caraguatay
2308,2308,laharrague
2309,2309,montecarlo
2310,2310,18 kilÃ³metro piray
2311,2311,piray puerto
2312,2312,tarumÃ¡
2313,2313,parodi
2314,2314,alberdi colonia
2315,2315,461
2316,2316,633
2317,2317,ramÃ³n
2318,2318,viera
2319,2319,salto
2320,2320,alvear
2321,2321,guaranÃ­
2322,2322,helechos
2323,2323,oberÃ¡
2324,2324,panambÃ­
2325,2325,8 kilÃ³metro panambÃ­
2326,2326,15 kilÃ³metro panambi
2327,2327,martÃ­n san
2328,2328,bonita
2329,2329,tungoil
2330,2330,colonia polana
2331,2331,corpus
2332,2332,domingo savio
2333,2333,urquiza
2334,2334,gobernador roca
2335,2335,helvecia
2336,2336,hipÃ³lito yrigoyen
2337,2337,amÃ©rica jardÃ­n
2338,2338,oasis
2339,2339,chica roca
2340,2340,ignacio san
2341,2341,pipÃ³ santo
2342,2342,ameghino florentino
2343,2343,itacaruarÃ©
2344,2344,grande mojÃ³n
2345,2345,javier san
2346,2346,caballero cruce
2347,2347,paraÃ­so
2348,2348,piÃ±alito sur
2349,2349,pedro san
2350,2350,tobuna
2351,2351,alba posse
2352,2352,alicia alta
2353,2353,alicia baja
2354,2354,aurora colonia
2355,2355,asÃ­s de francisco san
2356,2356,rita santa
2357,2357,25 de mayo
2358,2358,aluminÃ©
2359,2359,moquehue
2360,2360,pehuenia
2361,2361,aguada roque san
2362,2362,aÃ±elo
2363,2363,chaÃ±ar del patricio san
2364,2364,coloradas
2365,2365,del piedra Ã¡guila
2366,2366,santo tomÃ¡s
2367,2367,arroyito
2368,2368,luhÃ© ruca
2369,2369,centenario
2370,2370,cutral cÃ³
2371,2371,chocÃ³n
2372,2372,mari menuco
2373,2373,neuquÃ©n
2374,2374,11 de octubre
2375,2375,huincul plaza
2376,2376,plottier
2377,2377,senillosa
2378,2378,chocÃ³n
2379,2379,alegre norte vista
2380,2380,alegre sur vista
2381,2381,chos malal
2382,2382,malal tricao
2383,2383,curi del leuvÃº
2384,2384,deandes junÃ­n
2385,2385,deandes martÃ­n san
2386,2386,lago meliquina
2387,2387,chorriaca
2388,2388,loncopuÃ©
2389,2389,angostura
2390,2390,traful
2391,2391,andacollo
2392,2392,huinganco
2393,2393,ovejas
2394,2394,miches
2395,2395,amargo manzano
2396,2396,varvarco
2397,2397,del nahueve
2398,2398,caviahue
2399,2399,copahue
2400,2400,cholar
2401,2401,huecÃº
2402,2402,taquimilÃ¡n
2403,2403,barrancas
2404,2404,buta ranquil
2405,2405,octavio pico
2406,2406,desauces rincÃ³n
2407,2407,sauce
2408,2408,aguerre paso
2409,2409,leufÃº picÃºn
2410,2410,agrio bajada del
2411,2411,buitrera
2412,2412,lajas
2413,2413,malal quili
2414,2414,catutos
2415,2415,mariano moreno
2416,2416,castro m ramÃ³n
2417,2417,zapala
2418,2418,cÃ³ndor
2419,2419,juncal
2420,2420,guardia mitre
2421,2421,loberÃ­a
2422,2422,costa de loteo rÃ­o
2423,2423,pozo salado
2424,2424,javier san
2425,2425,bahÃ­a creek
2426,2426,viedma
2427,2427,uniÃ³n
2428,2428,chelforÃ³
2429,2429,chimpay
2430,2430,choel choele
2431,2431,belisle coronel
2432,2432,darwin
2433,2433,lamarque
2434,2434,beltrÃ¡n luis
2435,2435,pomona
2436,2436,arelauquen
2437,2437,pilar
2438,2438,colonia suiza
2439,2439,bolsÃ³n
2440,2440,foyel
2441,2441,ahogado mallÃ­n
2442,2442,rÃ­o villegas
2443,2443,bariloche carlos de san
2444,2444,catedral
2445,2445,coihues
2446,2446,mascardi
2447,2447,colonia conesa
2448,2448,conesa
2449,2449,compresora de gas planta
2450,2450,aguada guzmÃ¡n
2451,2451,cerro policÃ­a
2452,2452,cuy
2453,2453,perlas
2454,2454,mencuÃ©
2455,2455,huen naupa
2456,2456,cÃ³rdova paso
2457,2457,azul valle
2458,2458,allen
2459,2459,(bajo arroyÃ³n cayetano) paraje san
2460,2460,barda del medio
2461,2461,blanco
2462,2462,10 calle ciega nÂº
2463,2463,6 calle ciega nÂº
2464,2464,canale
2465,2465,chacra monte
2466,2466,costa este
2467,2467,costa linda
2468,2468,costa oeste
2469,2469,destacamento
2470,2470,labrador
2471,2471,maruchito
2472,2472,petrÃ³leo
2473,2473,emergente
2474,2474,fÃ¡tima
2475,2475,frontera
2476,2476,guerrico
2477,2477,10 isla
2478,2478,barda
2479,2479,costa
2480,2480,costa
2481,2481,defensa
2482,2482,herradura
2483,2483,ribera
2484,2484,apycar
2485,2485,cero puente
2486,2486,luisillo
2487,2487,del mar plata
2488,2488,elvira marÃ­a
2489,2489,azul moÃ±o
2490,2490,mosconi
2491,2491,norte
2492,2492,barrio pinar
2493,2493,porvenir
2494,2494,83 puente
2495,2495,lucia santa
2496,2496,rita santa
2497,2497,uniÃ³n
2498,2498,catriel
2499,2499,cervantes
2500,2500,chichinales
2501,2501,cinco saltos
2502,2502,cipolletti
2503,2503,contralmirante cordero
2504,2504,ferri
2505,2505,enrique godoy
2506,2506,fernÃ¡ndez oro
2507,2507,roca
2508,2508,a huergo ingeniero luis
2509,2509,ingeniero krause otto
2510,2510,mainquÃ©
2511,2511,cÃ³rdova paso
2512,2512,co penÃ­nsula ruca
2513,2513,sargento vidal
2514,2514,alberdi
2515,2515,del
2516,2516,manzano
2517,2517,regina
2518,2518,isidro san
2519,2519,comicÃ³
2520,2520,cona niyeu
2521,2521,mexÃ­a ministro ramos
2522,2522,prahuaniyeu
2523,2523,colorada sierra
2524,2524,treneta
2525,2525,yaminuÃ©
2526,2526,bayas
2527,2527,choique mamuel
2528,2528,Ã±orquincÃ³
2529,2529,agua de ojos
2530,2530,chico rÃ­o
2531,2531,esperanza
2532,2532,colonia echarren juliÃ¡ y
2533,2533,juventud unida
2534,2534,mahuida pichi
2535,2535,colorado rÃ­o
2536,2536,andersen salto
2537,2537,caÃ±adÃ³n chileno
2538,2538,comallo
2539,2539,dina huapi
2540,2540,blanca laguna
2541,2541,Ã±irihuau
2542,2542,pilcaniyeu
2543,2543,del limay pilquiniyeu
2544,2544,llanquÃ­n
2545,2545,empalme
2546,2546,grutas
2547,2547,doradas playas
2548,2548,antonio este puerto san
2549,2549,colorada punta
2550,2550,saco viejo
2551,2551,antonio oeste san
2552,2552,grande sierra
2553,2553,aguada cecilio
2554,2554,arroyoberros
2555,2555,arroyo ventana
2556,2556,nahuel niyeu
2557,2557,pailemÃ¡n sierra
2558,2558,valcheta
2559,2559,aguada de guerra
2560,2560,clemente onelli
2561,2561,colan conhue
2562,2562,caÃ­n
2563,2563,ingeniero jacobacci
2564,2564,menucos
2565,2565,maquinchao
2566,2566,mina santa teresita
2567,2567,pilquiniyeu
2568,2568,apolinario saravia
2569,2569,ceibalito
2570,2570,25 de junio
2571,2571,coronel mollinedo
2572,2572,coronel olleros
2573,2573,quebrachal
2574,2574,gaona
2575,2575,pizarro
2576,2576,gonzÃ¡lez joaquÃ­n v
2577,2577,lajitas
2578,2578,burela luis
2579,2579,macapillo
2580,2580,de nuestra seÃ±ora talavera
2581,2581,cabado piquete
2582,2582,del rÃ­o valle
2583,2583,tolloche
2584,2584,cachi
2585,2585,payogasta
2586,2586,cafayate
2587,2587,tolombÃ³n
2588,2588,atocha
2589,2589,ciÃ©naga rafael san y
2590,2590,costas
2591,2591,salta
2592,2592,lorenzo san
2593,2593,cerrillos
2594,2594,merced
2595,2595,agustÃ­n san
2596,2596,Ã¡lamos
2597,2597,congreso
2598,2598,maroma
2599,2599,rotonda
2600,2600,santa teresita
2601,2601,chicoana
2602,2602,carril
2603,2603,santo
2604,2604,cobos
2605,2605,bordo
2606,2606,gÃ¼emes
2607,2607,aguaray
2608,2608,campamento vespucio
2609,2609,campichuelo
2610,2610,durÃ¡n
2611,2611,capiazuti
2612,2612,carboncito
2613,2613,cornejo coronel
2614,2614,dragones
2615,2615,embarcaciÃ³n
2616,2616,balliviÃ¡n
2617,2617,mosconi
2618,2618,hickman
2619,2619,chaqueÃ±a misiÃ³n
2620,2620,misiÃ³ncruce
2621,2621,mil
2622,2622,6 kilÃ³metro misiÃ³n
2623,2623,pacarÃ¡
2624,2624,lozano padre
2625,2625,piquirenda
2626,2626,mazza profesor salvador
2627,2627,tartagal
2628,2628,tobantirenda
2629,2629,tranquitas
2630,2630,guachipas
2631,2631,iruya
2632,2632,caÃ±as de isla
2633,2633,pueblo viejo
2634,2634,caldera
2635,2635,vaqueros
2636,2636,jardÃ­n
2637,2637,tala
2638,2638,candelaria
2639,2639,cobres
2640,2640,poma
2641,2641,ampascachi
2642,2642,cabra corral
2643,2643,coronel moldes
2644,2644,viÃ±a
2645,2645,tala
2646,2646,olacapato
2647,2647,antonio decobres san
2648,2648,depastos grandes rosa santa
2649,2649,grande tolar
2650,2650,galpÃ³n
2651,2651,tunal
2652,2652,lumbreras
2653,2653,(est de josÃ© metÃ¡n metÃ¡n) san
2654,2654,metÃ¡n viejo
2655,2655,piedras rÃ­o
2656,2656,de josÃ© orquera san
2657,2657,puerta
2658,2658,molinos
2659,2659,seclantÃ¡s
2660,2660,colonia rosa santa
2661,2661,yacuy
2662,2662,tabacal
2663,2663,hipÃ³lito yrigoyen
2664,2664,pichanal
2665,2665,de orÃ¡n ramÃ³n san
2666,2666,urundel
2667,2667,alto desierra
2668,2668,capitÃ¡n juan pagÃ©
2669,2669,coronel juan solÃ¡
2670,2670,1 hito
2671,2671,uniÃ³n
2672,2672,blancos
2673,2673,de pato pluma
2674,2674,rivadavia
2675,2675,marÃ­a santa
2676,2676,rosa santa
2677,2677,este santa victoria
2678,2678,antillÃ¡
2679,2679,copo quile
2680,2680,naranjo
2681,2681,potrero
2682,2682,defrontera rosario
2683,2683,felipe san
2684,2684,quijano
2685,2685,del encÃ³n merced
2686,2686,silleta
2687,2687,de lerma rosario
2688,2688,angastaco
2689,2689,animanÃ¡
2690,2690,barrial
2691,2691,carlos san
2692,2692,acoyte
2693,2693,cruz
2694,2694,toldos
2695,2695,nazareno
2696,2696,poscaya
2697,2697,marcos san
2698,2698,santa victoria
2699,2699,rincÃ³n
2700,2700,martÃ­n san
2701,2701,afuera
2702,2702,tapias
2703,2703,salvador
2704,2704,sefair
2705,2705,barreal
2706,2706,pituil
2707,2707,calingasta
2708,2708,tamberÃ­as
2709,2709,juan san
2710,2710,bermejo
2711,2711,castro iv justo p
2712,2712,caucete
2713,2713,rincÃ³n
2714,2714,talas
2715,2715,mÃ©danos
2716,2716,marayes
2717,2717,de palo pie
2718,2718,vallecito
2719,2719,independencia
2720,2720,chimbas
2721,2721,angualasto
2722,2722,bella vista
2723,2723,iglesia
2724,2724,flores
2725,2725,pismanta
2726,2726,rodeo
2727,2727,tudcum
2728,2728,mÃ©dano
2729,2729,china gran
2730,2730,huaco
2731,2731,mogna
2732,2732,niquivil
2733,2733,vieja
2734,2734,isidro san
2735,2735,de josÃ© jÃ¡chal san
2736,2736,tamberÃ­as
2737,2737,malvinas s
2738,2738,mercedes
2739,2739,alto de sierra
2740,2740,colonia fiorito
2741,2741,chacritas
2742,2742,9 de julio
2743,2743,municipal
2744,2744,40 ruta
2745,2745,carpinterÃ­a
2746,2746,piedritas
2747,2747,cuartel quinto
2748,2748,aberastain
2749,2749,rinconada
2750,2750,barboza
2751,2751,nacusi
2752,2752,centenario
2753,2753,rawson
2754,2754,(mÃ©dano bolaÃ±os de oro)
2755,2755,rivadavia
2756,2756,sadop
2757,2757,bella vista
2758,2758,acequias dos
2759,2759,isidro san
2760,2760,del salvador
2761,2761,dominguito
2762,2762,bosco
2763,2763,martÃ­n san
2764,2764,lucÃ­a santa
2765,2765,caÃ±ada honda
2766,2766,cienaguita
2767,2767,colonia fiscal
2768,2768,divisadero
2769,2769,guanacache
2770,2770,lagunas
2771,2771,berros
2772,2772,pedernal
2773,2773,del mÃ©dano punta
2774,2774,agua media
2775,2775,ibÃ¡Ã±ez
2776,2776,astica
2777,2777,balde del rosario
2778,2778,chucuma
2779,2779,baldecitos
2780,2780,usno
2781,2781,agustÃ­n san
2782,2782,encÃ³n
2783,2783,tupelÃ­
2784,2784,borjas
2785,2785,chimbera
2786,2786,tango
2787,2787,rosa santa
2788,2788,basilio nievas
2789,2789,candelaria
2790,2790,alem leandro n
2791,2791,lujÃ¡n
2792,2792,quines
2793,2793,de del francisco monte oro san
2794,2794,calera
2795,2795,nogolÃ­
2796,2796,dequebrada
2797,2797,roca
2798,2798,carolina
2799,2799,trapiche
2800,2800,grande
2801,2801,fraga
2802,2802,bajada
2803,2803,florida
2804,2804,toma
2805,2805,riocito
2806,2806,grande rÃ­o
2807,2807,saladillo
2808,2808,concarÃ¡n
2809,2809,cortaderas
2810,2810,naschel
2811,2811,papagayos
2812,2812,renca
2813,2813,pablo san
2814,2814,tilisarao
2815,2815,carmen del
2816,2816,larca
2817,2817,jorba juan
2818,2818,juan llerena
2819,2819,daract justo
2820,2820,punilla
2821,2821,lavaisse
2822,2822,naciÃ³n ranquel
2823,2823,del josÃ© morro san
2824,2824,mercedes
2825,2825,reynolds
2826,2826,salles
2827,2827,anchorena
2828,2828,arizona
2829,2829,bagual
2830,2830,batavia
2831,2831,buena esperanza
2832,2832,fortÃ­npatria
2833,2833,fortuna
2834,2834,maroma
2835,2835,overos
2836,2836,de loyola martÃ­n
2837,2837,mapÃ¡ nahuel
2838,2838,navia
2839,2839,galia
2840,2840,uniÃ³n
2841,2841,carpinterÃ­a
2842,2842,cerro de oro
2843,2843,lafinur
2844,2844,cajones
2845,2845,molles
2846,2846,merlo
2847,2847,conlara del rosa santa
2848,2848,talita
2849,2849,alto pelado
2850,2850,alto pencoso
2851,2851,balde
2852,2852,beazley
2853,2853,cazador
2854,2854,chosmes
2855,2855,desaguadero
2856,2856,volcÃ¡n
2857,2857,jarilla
2858,2858,juana koslay
2859,2859,punta
2860,2860,mosmota
2861,2861,defunes potrero
2862,2862,bebedero del salinas
2863,2863,jerÃ³nimo san
2864,2864,luis san
2865,2865,zanjitas
2866,2866,vertiente
2867,2867,aguadas
2868,2868,chacras
2869,2869,lagunas
2870,2870,grande paso
2871,2871,potrerillo
2872,2872,martÃ­n san
2873,2873,de praga
2874,2874,comandante luis piedrabuena
2875,2875,cruz puerto santa
2876,2876,caleta olivia
2877,2877,caÃ±adÃ³n seco
2878,2878,fitz roy
2879,2879,jaramillo
2880,2880,kaike koluel
2881,2881,heras
2882,2882,pico truncado
2883,2883,deseado puerto
2884,2884,tellier
2885,2885,turbio
2886,2886,dufour julia
2887,2887,3 mina
2888,2888,gallegos rÃ­o
2889,2889,rospentek
2890,2890,28 de noviembre
2891,2891,rÃ­o turbio yacimientos
2892,2892,calafate
2893,2893,chaltÃ©n
2894,2894,lagos tres
2895,2895,antiguos
2896,2896,moreno perito
2897,2897,juliÃ¡n puerto san
2898,2898,bajo caracoles
2899,2899,gobernador gregores
2900,2900,hipÃ³lito yrigoyen
2901,2901,armstrong
2902,2902,bouquet
2903,2903,parejas
2904,2904,rosas
2905,2905,de montes oca
2906,2906,tortugas
2907,2907,arequito
2908,2908,arteaga
2909,2909,beravebÃº
2910,2910,bigand
2911,2911,casilda
2912,2912,chabas
2913,2913,chaÃ±ar ladeado
2914,2914,gÃ¶deken
2915,2915,molinos
2916,2916,nogales
2917,2917,quirquinchos
2918,2918,deesquina josÃ© san
2919,2919,sanford
2920,2920,villada
2921,2921,aldao
2922,2922,angÃ©lica
2923,2923,ataliva
2924,2924,aurelia
2925,2925,acapulco s veracruz y
2926,2926,bauer sigel y
2927,2927,bella italia
2928,2928,castellanos
2929,2929,bicha colonia
2930,2930,cello colonia
2931,2931,colonia margarita
2932,2932,colonia raquel
2933,2933,coronel fraga
2934,2934,egusquiza
2935,2935,esmeralda
2936,2936,clucellas estaciÃ³n
2937,2937,estaciÃ³n saguier
2938,2938,carolina eusebia y
2939,2939,eustolia
2940,2940,frontera
2941,2941,garibaldi
2942,2942,humberto primo
2943,2943,josefina
2944,2944,lehmann
2945,2945,juana marÃ­a
2946,2946,lehmann
2947,2947,clucellas plaza
2948,2948,plaza saguier
2949,2949,presidente roca
2950,2950,marini pueblo
2951,2951,rafaela
2952,2952,ramona
2953,2953,antonio san
2954,2954,san vicente
2955,2955,clara de saguier santa
2956,2956,sunchales
2957,2957,susana
2958,2958,tacural
2959,2959,vila
2960,2960,josefina
2961,2961,josÃ© san
2962,2962,virginia
2963,2963,pereyra zenÃ³n
2964,2964,alcorta
2965,2965,arroyo del medio
2966,2966,mitre
2967,2967,bombal
2968,2968,caÃ±ada rica
2969,2969,cepeda
2970,2970,constituciÃ³n empalme
2971,2971,firmat
2972,2972,gelly
2973,2973,godoy
2974,2974,b juan molina
2975,2975,juncal
2976,2976,vanguardia
2977,2977,mÃ¡ximo paz
2978,2978,pavÃ³n
2979,2979,arriba pavÃ³n
2980,2980,peyrano
2981,2981,rueda
2982,2982,santa teresa
2983,2983,cabral sargento
2984,2984,stephenson
2985,2985,theobald
2986,2986,constituciÃ³n
2987,2987,cayastÃ¡
2988,2988,helvecia
2989,2989,zapallos
2990,2990,cabal mariano saladero
2991,2991,calchines de rosa santa
2992,2992,aarÃ³n castellanos
2993,2993,amenÃ¡bar
2994,2994,cafferata
2995,2995,caÃ±ada del ucle
2996,2996,carmen
2997,2997,carreras
2998,2998,chapuy
2999,2999,chovet
3000,3000,christophersen
3001,3001,alvear de diego
3002,3002,elortondo
3003,3003,firmat
3004,3004,hughes
3005,3005,chispa
3006,3006,labordeboy
3007,3007,lazzarino
3008,3008,maggiolo
3009,3009,marÃ­a teresa
3010,3010,melincuÃ©
3011,3011,miguel torres
3012,3012,murphy
3013,3013,rufino
3014,3014,eduardo san
3015,3015,de fe francisco san santa
3016,3016,gregorio san
3017,3017,sancti spiritu
3018,3018,isabel santa
3019,3019,teodelina
3020,3020,tuerto venado
3021,3021,caÃ±Ã¡s
3022,3022,wheelwright
3023,3023,arroyo ceibal
3024,3024,avellaneda
3025,3025,berna
3026,3026,araza
3027,3027,rabÃ³n
3028,3028,florencia
3029,3029,guadalupe norte
3030,3030,chanourdie ingeniero
3031,3031,isleta
3032,3032,sarita
3033,3033,lanteri
3034,3034,garzas
3035,3035,toscas
3036,3036,laureles
3037,3037,malabrigo
3038,3038,manuel paraje san
3039,3039,puerto reconquista
3040,3040,reconquista
3041,3041,antonio de do ob san
3042,3042,tacuarendÃ­
3043,3043,ana
3044,3044,guillermina
3045,3045,o
3046,3046,cicarelli
3047,3047,bustinza
3048,3048,caÃ±ada de gÃ³mez
3049,3049,carrizales
3050,3050,classon
3051,3051,colonia mÃ©dici
3052,3052,correa
3053,3053,larguÃ­a
3054,3054,lucio lÃ³pez v
3055,3055,oliveros
3056,3056,andino pueblo
3057,3057,grande salto
3058,3058,serodino
3059,3059,totoras
3060,3060,eloÃ­sa
3061,3061,(oliveros) rivera
3062,3062,(pueblo andino) rivera
3063,3063,angel gallardo
3064,3064,aguiar arroyo
3065,3065,arroyo leyes
3066,3066,cabal
3067,3067,andino
3068,3068,candioti
3069,3069,emilia
3070,3070,laguna paiva
3071,3071,campbell llambi
3072,3072,monte vera
3073,3073,nelson
3074,3074,chaco chico paraje
3075,3075,costa paraje
3076,3076,recreo
3077,3077,potrero rincÃ³n
3078,3078,del josÃ© rincÃ³n san
3079,3079,fe santa
3080,3080,santo tomÃ©
3081,3081,sauce viejo
3082,3082,laura
3083,3083,cavour
3084,3084,cululÃº
3085,3085,elisa
3086,3086,carlos empalme san
3087,3087,esperanza
3088,3088,felicia
3089,3089,franck
3090,3090,grutly
3091,3091,hipatÃ­a
3092,3092,humboldt
3093,3093,arÃ¡uz jacinto l
3094,3094,pelada
3095,3095,tunas
3096,3096,luisa marÃ­a
3097,3097,matilde
3098,3098,nuevo torino
3099,3099,pilar
3100,3100,matilde plaza
3101,3101,progreso
3102,3102,providencia
3103,3103,pereyra sa
3104,3104,agustÃ­n san
3105,3105,carlos san
3106,3106,carlos norte san
3107,3107,carlos san sud
3108,3108,del jerÃ³nimo san sauce
3109,3109,jerÃ³nimo norte san
3110,3110,mariano san
3111,3111,buena clara de santa vista
3112,3112,domingo santo
3113,3113,sarmiento
3114,3114,esteban rams
3115,3115,colorado gato
3116,3116,de denis gregoria pÃ©rez
3117,3117,logroÃ±o
3118,3118,montefiore
3119,3119,borrado pozo
3120,3120,bernardo san
3121,3121,margarita santa
3122,3122,tostado
3123,3123,minetti
3124,3124,acÃ©bal
3125,3125,albarellos
3126,3126,Ã¡lvarez
3127,3127,alvear
3128,3128,arbilla
3129,3129,arminda
3130,3130,arroyo seco
3131,3131,carmen del sauce
3132,3132,bogado coronel
3133,3133,coronel domÃ­nguez rodolfo s
3134,3134,cuatro esquinas
3135,3135,caramelo
3136,3136,fighiera
3137,3137,funes
3138,3138,lagos
3139,3139,baigorria granadero
3140,3140,ibarlucea
3141,3141,101 kilÃ³metro
3142,3142,muchachos
3143,3143,alborada
3144,3144,flores monte
3145,3145,pÃ©rez
3146,3146,piÃ±ero
3147,3147,esther pueblo
3148,3148,muÃ±Ã³z pueblo
3149,3149,pueblo uranga
3150,3150,arroyo puerto seco
3151,3151,rosario
3152,3152,soldini
3153,3153,amelia
3154,3154,del plata
3155,3155,gobernador gÃ¡lvez
3156,3156,zavalla
3157,3157,aguarÃ¡ grande
3158,3158,ambrosetti
3159,3159,arrufo
3160,3160,balneario verde
3161,3161,capivara
3162,3162,ceres
3163,3163,ana colonia
3164,3164,bossi colonia
3165,3165,colonia rosa
3166,3166,constanza
3167,3167,curupaytÃ­
3168,3168,hersilia
3169,3169,huanqueros
3170,3170,cabral
3171,3171,lucila
3172,3172,rubia
3173,3173,avispas
3174,3174,palmeras
3175,3175,moisÃ©s ville
3176,3176,monigotes
3177,3177,Ã±anducita
3178,3178,palacios
3179,3179,cristÃ³bal san
3180,3180,guillermo san
3181,3181,santurce
3182,3182,soledad
3183,3183,suardi
3184,3184,saralegui
3185,3185,trinidad
3186,3186,alejandra
3187,3187,ariacaiquÃ­n cacique
3188,3188,colonia durÃ¡n
3189,3189,brava
3190,3190,romang
3191,3191,javier san
3192,3192,arocena
3193,3193,balneario monje
3194,3194,barrancas
3195,3195,caima
3196,3196,pacaÃ¡
3197,3197,comipini
3198,3198,bernardo de irigoyen
3199,3199,legno
3200,3200,centeno
3201,3201,coronda
3202,3202,arijÃ³n desvÃ­o
3203,3203,dÃ­az
3204,3204,gaboto
3205,3205,gÃ¡lvez
3206,3206,gessler
3207,3207,irigoyen
3208,3208,larrechea
3209,3209,alta loma
3210,3210,lÃ³pez
3211,3211,maciel
3212,3212,monje
3213,3213,aragÃ³n puerto
3214,3214,eugenio san
3215,3215,fabiÃ¡n san
3216,3216,genaro san
3217,3217,genaro norte san
3218,3218,angeloni
3219,3219,cayastacito
3220,3220,colonia dolores
3221,3221,esther
3222,3222,crespo gobernador
3223,3223,criolla
3224,3224,caraguatÃ¡ penca y
3225,3225,escalada marcelino
3226,3226,narÃ©
3227,3227,cello gÃ³mez pedro
3228,3228,ramayÃ³n
3229,3229,bernardo san
3230,3230,justo san
3231,3231,martÃ­n norte san
3232,3232,silva
3233,3233,pintado vera y
3234,3234,videla
3235,3235,aldao
3236,3236,bermÃºdez capitÃ¡n
3237,3237,carcaraÃ±Ã¡
3238,3238,arnold coronel
3239,3239,beltrÃ¡n fray luis
3240,3240,fuentes
3241,3241,luis palacios
3242,3242,martÃ­n puerto san
3243,3243,pujato
3244,3244,ricardone
3245,3245,roldÃ¡n
3246,3246,jerÃ³nimo san sud
3247,3247,lorenzo san
3248,3248,timbÃºes
3249,3249,elvira
3250,3250,mugueta
3251,3251,caÃ±ada rosquÃ­n
3252,3252,carlos pellegrini
3253,3253,casas
3254,3254,castelar
3255,3255,belgrano colonia
3256,3256,crispi
3257,3257,trÃ©bol
3258,3258,landeta
3259,3259,bandurrias
3260,3260,petacas
3261,3261,cardos
3262,3262,marÃ­a susana
3263,3263,piamonte
3264,3264,jorge san
3265,3265,deescobas martÃ­n san
3266,3266,sastre
3267,3267,traill
3268,3268,wildermuth
3269,3269,calchaquÃ­
3270,3270,caÃ±ada ombÃº
3271,3271,colmena
3272,3272,fortÃ­n olmos
3273,3273,garabato
3274,3274,golondrina
3275,3275,intiyaco
3276,3276,115 kilÃ³metro
3277,3277,gallareta
3278,3278,amores
3279,3279,margarita
3280,3280,29 paraje
3281,3281,deindios pozo
3282,3282,lucÃ­a pueblo santa
3283,3283,tartagal
3284,3284,toba
3285,3285,vera
3286,3286,argentina
3287,3287,res
3288,3288,malbrÃ¡n
3289,3289,mitre
3290,3290,gallo
3291,3291,coronel l manuel rico
3292,3292,donadeu
3293,3293,sachayoj
3294,3294,lugares santos
3295,3295,atamisqui estaciÃ³n
3296,3296,medellÃ­n
3297,3297,atamisqui
3298,3298,colonia dora
3299,3299,herrera
3300,3300,icaÃ±o
3301,3301,lugones
3302,3302,real sayana
3303,3303,mailÃ­n
3304,3304,abra grande
3305,3305,antajÃ©
3306,3306,ardiles
3307,3307,caÃ±ada escobar
3308,3308,chaupi pozo
3309,3309,clodomira
3310,3310,huyamampa
3311,3311,aurora
3312,3312,banda
3313,3313,dÃ¡rsena
3314,3314,quiroga
3315,3315,soria
3316,3316,simbolar
3317,3317,16 tramo
3318,3318,20 tramo
3319,3319,bandera
3320,3320,bocas cuatro
3321,3321,fortÃ­n inca
3322,3322,escolta guardia
3323,3323,deÃ¡n
3324,3324,mojÃ³n
3325,3325,zanjÃ³n
3326,3326,cardozos
3327,3327,maco
3328,3328,maquito
3329,3329,morales
3330,3330,antonio de puesto san
3331,3331,pedro san
3332,3332,marÃ­a santa
3333,3333,del estero santiago
3334,3334,debarranca vuelta
3335,3335,yanda
3336,3336,caburÃ©
3337,3337,firmeza
3338,3338,pirpintos
3339,3339,tigres
3340,3340,monte quemado
3341,3341,esperanza
3342,3342,deguanacos
3343,3343,boquerÃ³n del josÃ© san
3344,3344,urutaÃº
3345,3345,ancajÃ¡n
3346,3346,choya
3347,3347,estaciÃ³n punta
3348,3348,frÃ­as
3349,3349,laprida
3350,3350,pedro san
3351,3351,tapso
3352,3352,punta
3353,3353,bajada bandera
3354,3354,caspi corral
3355,3355,colonia juan san
3356,3356,crucero
3357,3357,30 kilÃ³metro
3358,3358,caÃ±ada
3359,3359,invernada
3360,3360,minerva
3361,3361,huaÃ±una vaca
3362,3362,figueroa
3363,3363,aÃ±atuya
3364,3364,averÃ­as
3365,3365,estaciÃ³n tacaÃ±itas
3366,3366,nena
3367,3367,jurÃ­es
3368,3368,tomÃ¡s young
3369,3369,lavalle
3370,3370,pedro san
3371,3371,arenal
3372,3372,bobadal
3373,3373,charco
3374,3374,rincÃ³n
3375,3375,gramilla
3376,3376,isca yacu
3377,3377,isca semaul yacu
3378,3378,hondo pozo
3379,3379,pedro san
3380,3380,colorado
3381,3381,cuadrado
3382,3382,matarÃ¡
3383,3383,corral suncho
3384,3384,vilelas
3385,3385,yuchÃ¡n
3386,3386,(est loreto) martÃ­n san
3387,3387,uniÃ³n
3388,3388,aerolito
3389,3389,alhuampa
3390,3390,hasse
3391,3391,hernÃ¡n mejÃ­a miraval
3392,3392,tinajas
3393,3393,libertad
3394,3394,lilo viejo
3395,3395,patay
3396,3396,pablo pueblo torelo
3397,3397,quimili
3398,3398,roversi
3399,3399,tintina
3400,3400,weisburd
3401,3401,49
3402,3402,de julio sol
3403,3403,agua de ojo
3404,3404,mojÃ³n
3405,3405,delicias
3406,3406,esperanza
3407,3407,betbeder pozo
3408,3408,rapelli
3409,3409,domingo santo
3410,3410,de ramÃ­rez velazco
3411,3411,sumampa
3412,3412,sumampa viejo
3413,3413,abajo chaÃ±ar de pozo
3414,3414,chauchillas
3415,3415,colonia tinco
3416,3416,charco
3417,3417,gramilla
3418,3418,donosa
3419,3419,miranda
3420,3420,nÃºÃ±ez
3421,3421,mansupa
3422,3422,pozuelos
3423,3423,de rodeo valdez
3424,3424,sauzal
3425,3425,de hondo rÃ­o termas
3426,3426,gimÃ©nez
3427,3427,hondo rÃ­o
3428,3428,de del embalse hondo rio turÃ­stica
3429,3429,vinarÃ¡
3430,3430,alpina colonia
3431,3431,negro palo
3432,3432,selva
3433,3433,coloniasimbolar
3434,3434,fernÃ¡ndez
3435,3435,forres ingeniero
3436,3436,vilmer
3437,3437,chilca juliana
3438,3438,telares
3439,3439,salavina
3440,3440,brea pozo
3441,3441,estaciÃ³n robles
3442,3442,estaciÃ³n taboada
3443,3443,nueva
3444,3444,garza
3445,3445,Ã¡rraga
3446,3446,francia
3447,3447,simbol
3448,3448,sumamao
3449,3449,silÃ­pica
3450,3450,jorge san
3451,3451,chaÃ±ar
3452,3452,macomitas
3453,3453,beltrÃ¡n
3454,3454,naranjo
3455,3455,garmendia
3456,3456,ramada
3457,3457,piedrabuena
3458,3458,7 abril de
3459,3459,arÃ¡oz benjamÃ­n
3460,3460,burruyacÃº
3461,3461,monti padre
3462,3462,alderetes
3463,3463,banda del rÃ­o salÃ­
3464,3464,colombres
3465,3465,colonia mayo
3466,3466,a mil
3467,3467,delfÃ­n gallo
3468,3468,bracho
3469,3469,florida
3470,3470,cejas
3471,3471,ralos
3472,3472,pacarÃ¡
3473,3473,ranchillos
3474,3474,andrÃ©s san
3475,3475,alpachiri
3476,3476,alto verde
3477,3477,arcadia
3478,3478,roque san
3479,3479,concepciÃ³n
3480,3480,iltico
3481,3481,trinidad
3482,3482,medina
3483,3483,rosada
3484,3484,de herrera
3485,3485,famaillÃ¡
3486,3486,fronterita ingenio
3487,3487,graneros
3488,3488,lamadrid
3489,3489,ralo taco
3490,3490,alberdi bautista juan
3491,3491,belgrano
3492,3492,lucÃ­a santa
3493,3493,moya sargento
3494,3494,maldonado soldado
3495,3495,berdina teniente
3496,3496,quinteros
3497,3497,aguilares
3498,3498,sarmientos
3499,3499,chico rÃ­o
3500,3500,ana santa
3501,3501,clodomiro hileret
3502,3502,de miguel san tucumÃ¡n
3503,3503,atahona
3504,3504,monteagudo
3505,3505,trinidad
3506,3506,cruz santa
3507,3507,simoca
3508,3508,cocha
3509,3509,cocha de josÃ© san
3510,3510,bella vista
3511,3511,arÃ¡oz estaciÃ³n
3512,3512,puestos
3513,3513,fernÃ¡ndez garcÃ­a manuel
3514,3514,pala pala
3515,3515,colorado rÃ­o
3516,3516,de leales rosa santa
3517,3517,fiad
3518,3518,ingenio leales
3519,3519,de leales
3520,3520,felipe san
3521,3521,manantial
3522,3522,ingenio pablo san
3523,3523,ucciÃ³n
3524,3524,lules
3525,3525,acheral
3526,3526,capitÃ¡n cÃ¡ceres
3527,3527,monteros
3528,3528,independencia pueblo
3529,3529,rÃ­o seco
3530,3530,chic sta
3531,3531,amaicha del valle
3532,3532,colalao del valle
3533,3533,mollar
3534,3534,del tafÃ­ valle
3535,3535,cruce
3536,3536,de lomas tafÃ­
3537,3537,martÃ­n mutual san
3538,3538,14 parada
3539,3539,ii uta
3540,3540,diagonal norte
3541,3541,fuerza luz y
3542,3542,cadillal
3543,3543,tafÃ­ viejo
3544,3544,flores
3545,3545,mariano moreno
3546,3546,colmenar
3547,3547,choromoro
3548,3548,colalao de pedro san
3549,3549,de trancas
3550,3550,iii josÃ© san
3551,3551,carmela
3552,3552,buena yerba
3553,3553,marcos paz
3554,3554,escondida laguna
3555,3555,ushuaia
3556,3556,grande rÃ­o
3557,3557,tolhuin
